"Fecha","Cierre","Apertura","Máximo","Mínimo","Vol.","% var."
"04.03.2025","182.11","178.56","183.34","178.13","841.57K","1.48%"
"03.03.2025","179.46","182.49","185.83","179.04","394.11K","-1.94%"
"28.02.2025","183.01","182.00","183.79","179.75","3.61M","0.48%"
"27.02.2025","182.13","176.03","183.04","176.03","963.94K","2.82%"
"26.02.2025","177.14","179.58","180.99","176.41","1.02M","-1.20%"
"25.02.2025","179.29","180.64","182.80","178.13","748.84K","-1.22%"
"24.02.2025","181.50","179.84","181.91","177.52","430.71K","0.40%"
"21.02.2025","180.78","171.92","181.81","171.32","737.30K","5.04%"
"20.02.2025","172.10","171.55","172.69","169.56","864.93K","-0.38%"
"19.02.2025","172.75","172.69","173.50","171.25","424.73K","0.24%"
"18.02.2025","172.33","170.65","172.94","169.45","571.96K","-0.58%"
"17.02.2025","173.33","171.48","173.49","170.64","41.18K","1.55%"
"14.02.2025","170.68","172.17","173.60","170.12","617.12K","-1.35%"
"13.02.2025","173.02","171.29","173.61","169.00","1.16M","1.35%"
"12.02.2025","170.71","160.87","171.29","160.87","1.03M","5.07%"
"11.02.2025","162.48","162.54","162.98","159.61","1.14M","0.18%"
"10.02.2025","162.19","160.29","162.60","159.26","552.96K","1.44%"
"07.02.2025","159.89","160.95","161.09","158.70","524.69K","-0.45%"
"06.02.2025","160.61","160.67","162.65","159.68","785.68K","0.55%"
"05.02.2025","159.73","159.86","161.86","159.00","603.46K","0.30%"
"04.02.2025","159.26","163.00","163.00","157.46","870.39K","-2.17%"
"31.01.2025","162.79","163.73","165.49","162.16","623.64K","-0.80%"
"30.01.2025","164.10","163.12","165.90","161.52","261.14K","0.45%"
"29.01.2025","163.37","160.00","164.64","160.00","1.03M","2.11%"
"28.01.2025","159.99","161.04","161.10","156.38","1.14M","-0.65%"
"27.01.2025","161.04","155.98","161.68","155.78","540.46K","3.94%"
"24.01.2025","154.93","152.32","156.20","152.32","1.48M","1.25%"
"23.01.2025","153.01","154.20","155.28","152.83","1.14M","-0.75%"
"22.01.2025","154.17","155.75","155.75","149.17","2.36M","-1.10%"
"21.01.2025","155.88","159.66","159.66","155.26","387.17K","-1.99%"
"20.01.2025","159.05","159.17","160.03","158.43","49.29K","0.90%"
"17.01.2025","157.63","159.76","160.54","157.31","312.90K","-0.84%"
"16.01.2025","158.97","156.35","159.29","155.86","588.67K","2.05%"
"15.01.2025","155.77","157.84","159.44","155.41","402.87K","-0.77%"
"14.01.2025","156.98","156.69","158.39","155.95","939.27K","0.01%"
"13.01.2025","156.97","154.46","157.33","154.46","597.51K","1.68%"
"10.01.2025","154.37","153.98","156.25","150.50","819.40K","2.57%"
"09.01.2025","150.50","155.28","157.92","149.45","389.54K","-2.73%"
"08.01.2025","154.73","155.17","155.40","153.38","1.13M","-0.12%"
"07.01.2025","154.92","155.31","157.92","154.56","958.72K","0.07%"
"06.01.2025","154.81","156.75","158.75","154.00","834.23K","-1.48%"
"03.01.2025","157.14","161.00","161.00","156.76","659.95K","-1.74%"
"02.01.2025","159.93","162.79","163.76","159.02","308.40K","-1.27%"
"31.12.2024","161.99","161.12","162.79","160.99","223.08K","1.13%"
"30.12.2024","160.18","159.50","160.78","157.88","376.43K","0.39%"
"27.12.2024","159.55","160.28","160.70","159.02","314.52K","0.39%"
"26.12.2024","158.93","158.08","159.50","157.69","91.39K","0.33%"
"24.12.2024","158.41","159.53","162.98","158.25","62.09K","-0.51%"
"23.12.2024","159.22","160.21","160.67","158.48","366.20K","-0.12%"
"20.12.2024","159.41","160.01","160.91","158.84","4.50M","-0.31%"
"19.12.2024","159.90","160.52","164.29","159.54","531.33K","-0.56%"
"18.12.2024","160.80","164.02","164.64","160.30","379.49K","-2.84%"
"17.12.2024","165.50","163.92","166.72","163.09","615.75K","1.47%"
"16.12.2024","163.11","163.39","165.35","162.49","484.41K","-0.17%"
"13.12.2024","163.39","163.27","166.47","162.34","484.50K","-0.15%"
"11.12.2024","163.64","162.98","165.58","162.98","439.19K","-0.40%"
"10.12.2024","164.29","167.19","167.19","163.58","392.63K","-1.62%"
"09.12.2024","167.00","166.53","168.44","165.89","383.13K","0.78%"
"06.12.2024","165.71","166.92","168.33","165.28","574.50K","-1.50%"
"05.12.2024","168.24","167.61","169.28","165.45","1.52M","0.67%"
"04.12.2024","167.12","165.19","169.11","165.19","543.15K","0.77%"
"03.12.2024","165.85","163.90","166.14","161.94","659.55K","0.69%"
"02.12.2024","164.71","162.35","166.62","162.35","522.41K","2.27%"
"29.11.2024","161.06","161.17","163.24","160.35","971.47K","0.04%"
"28.11.2024","161.00","163.49","166.09","159.09","213.79K","-1.61%"
"27.11.2024","163.64","164.30","164.86","162.12","902.99K","0.09%"
"26.11.2024","163.49","162.67","165.50","162.11","717.26K","0.53%"
"25.11.2024","162.62","161.41","164.43","161.41","1.20M","0.27%"
"22.11.2024","162.18","159.01","162.48","159.01","324.45K","2.20%"
"21.11.2024","158.69","159.00","160.83","158.03","480.68K","-0.04%"
"20.11.2024","158.76","157.64","159.85","157.64","239.02K","0.55%"
"19.11.2024","157.89","158.01","160.30","157.56","433.88K","-0.33%"
"15.11.2024","158.41","158.29","160.20","157.57","293.56K","0.19%"
"14.11.2024","158.11","161.00","162.11","157.57","604.47K","-1.73%"
"13.11.2024","160.89","164.75","165.57","160.53","617.19K","-2.83%"
"12.11.2024","165.58","165.79","166.95","160.01","534.20K","-0.60%"
"11.11.2024","166.58","167.09","169.07","166.40","285.10K","-0.06%"
"08.11.2024","166.68","161.82","167.42","161.82","321.55K","1.07%"
"07.11.2024","164.91","165.46","167.48","163.46","704.16K","-0.58%"
"06.11.2024","165.87","165.48","166.32","161.62","679.94K","1.24%"
"05.11.2024","163.84","163.03","165.09","159.59","697.53K","0.97%"
"04.11.2024","162.27","164.94","166.80","161.76","535.20K","-1.96%"
"01.11.2024","165.51","167.22","167.51","165.04","296.72K","-0.61%"
"31.10.2024","166.52","172.58","172.58","165.58","941.36K","-2.74%"
"30.10.2024","171.21","170.05","175.13","170.05","585.31K","0.75%"
"29.10.2024","169.94","172.47","174.67","169.30","527.56K","0.02%"
"28.10.2024","169.90","174.27","174.49","169.61","246.16K","-1.55%"
"25.10.2024","172.57","170.50","175.31","168.50","738.32K","2.42%"
"24.10.2024","168.49","169.80","170.18","167.82","744.59K","-0.30%"
"23.10.2024","168.99","167.88","170.44","167.70","507.96K","0.04%"
"22.10.2024","168.92","170.10","171.37","167.55","625.79K","-1.84%"
"21.10.2024","172.09","172.38","173.49","170.95","713.06K","-0.61%"
"18.10.2024","173.15","171.39","173.67","170.00","336.85K","0.28%"
"17.10.2024","172.67","174.06","174.06","170.53","417.05K","-0.92%"
"16.10.2024","174.28","172.85","175.46","172.45","580.46K","1.44%"
"15.10.2024","171.80","169.33","172.31","168.01","620.41K","1.96%"
"14.10.2024","168.50","169.62","169.62","165.70","325.89K","-1.31%"
"11.10.2024","170.73","170.95","172.50","169.76","356.68K","-0.97%"
"10.10.2024","172.40","169.21","173.32","168.70","569.43K","2.14%"
"09.10.2024","168.79","169.05","170.25","167.30","450.71K","0.28%"
"08.10.2024","168.32","169.04","169.04","165.25","509.60K","-0.17%"
"07.10.2024","168.61","171.32","173.30","167.89","380.78K","-0.96%"
"04.10.2024","170.25","169.27","171.14","169.01","342.34K","0.07%"
"03.10.2024","170.13","171.52","172.89","169.01","500.06K","-1.81%"
"02.10.2024","173.26","173.03","174.45","171.76","729.18K","-0.60%"
"30.09.2024","174.30","177.17","177.39","173.51","861.73K","-1.95%"
"27.09.2024","177.76","180.49","181.49","177.28","847.64K","-1.29%"
"26.09.2024","180.08","179.83","181.03","177.71","1.04M","1.37%"
"25.09.2024","177.65","178.97","180.99","176.19","2.09M","-0.19%"
"24.09.2024","177.98","175.59","178.61","175.42","695.02K","1.79%"
"23.09.2024","174.85","174.74","176.41","172.24","444.87K","-0.41%"
"20.09.2024","175.57","176.26","177.27","174.00","4.54M","-0.70%"
"19.09.2024","176.80","175.27","177.35","175.07","886.02K","0.87%"
"18.09.2024","175.27","174.05","176.35","171.74","488.60K","0.94%"
"17.09.2024","173.63","169.60","175.89","169.60","588.40K","3.64%"
"13.09.2024","167.53","167.76","168.21","166.61","160.02K","0.65%"
"12.09.2024","166.44","166.01","168.50","165.55","511.68K","-0.85%"
"11.09.2024","167.87","166.76","168.81","166.02","325.81K","-0.02%"
"10.09.2024","167.90","170.78","170.78","167.15","420.51K","-0.88%"
"09.09.2024","169.39","171.61","172.88","168.96","506.07K","-1.12%"
"06.09.2024","171.31","172.37","173.76","170.23","362.03K","-0.64%"
"05.09.2024","172.42","173.86","177.04","171.92","1.07M","-0.58%"
"04.09.2024","173.42","172.49","174.02","170.65","672.98K","1.75%"
"03.09.2024","170.44","167.14","172.21","165.32","594.22K","2.49%"
"02.09.2024","166.30","166.48","168.51","166.01","73.22K","0.51%"
"30.08.2024","165.45","168.20","168.20","164.74","2.01M","-1.87%"
"29.08.2024","168.60","166.44","172.49","166.44","577.29K","-1.23%"
"28.08.2024","170.70","169.84","171.87","168.62","523.22K","0.00%"
"27.08.2024","170.70","168.62","172.27","168.62","636.17K","0.82%"
"26.08.2024","169.31","169.70","171.68","168.32","373.18K","-0.23%"
"23.08.2024","169.70","171.31","172.45","169.33","467.58K","-0.66%"
"22.08.2024","170.83","170.63","172.50","170.45","463.18K","0.28%"
"21.08.2024","170.35","169.96","172.55","168.82","606.40K","0.50%"
"20.08.2024","169.51","167.75","170.95","167.75","485.82K","1.28%"
"19.08.2024","167.37","167.26","169.40","167.04","175.08K","0.44%"
"16.08.2024","166.63","168.40","169.40","165.78","457.52K","-1.59%"
"15.08.2024","169.32","168.80","170.73","168.24","268.16K","0.60%"
"14.08.2024","168.31","166.79","169.28","166.37","489.46K","0.15%"
"13.08.2024","168.05","167.25","170.30","167.25","470.00K","1.43%"
"12.08.2024","165.68","166.00","166.87","165.06","183.24K","-0.41%"
"09.08.2024","166.37","165.90","167.12","161.94","206.05K","1.56%"
"08.08.2024","163.81","166.22","166.22","163.47","280.56K","-1.63%"
"07.08.2024","166.52","166.70","167.96","165.96","481.24K","0.08%"
"06.08.2024","166.39","166.95","166.95","164.53","410.59K","0.77%"
"05.08.2024","165.12","167.26","168.18","163.53","420.22K","-1.49%"
"02.08.2024","167.61","166.63","167.90","164.35","310.06K","1.31%"
"01.08.2024","165.44","169.32","170.72","164.61","343.63K","-2.14%"
"31.07.2024","169.06","167.15","172.63","167.15","110.50K","1.87%"
"30.07.2024","165.96","164.00","168.81","163.26","917.18K","1.65%"
"29.07.2024","163.27","161.75","164.18","161.75","494.77K","0.46%"
"26.07.2024","162.53","157.38","162.80","155.73","506.89K","3.67%"
"25.07.2024","156.78","156.71","158.15","154.93","545.10K","-0.46%"
"24.07.2024","157.50","162.05","163.61","156.54","1.49M","-1.58%"
"23.07.2024","160.03","166.65","166.65","159.58","411.55K","-3.36%"
"22.07.2024","165.60","159.29","165.99","159.29","863.54K","3.36%"
"19.07.2024","160.22","154.38","160.67","151.80","881.41K","3.58%"
"18.07.2024","154.68","155.31","156.77","154.26","659.84K","-0.76%"
"17.07.2024","155.86","154.67","156.43","153.49","427.28K","0.32%"
"16.07.2024","155.36","152.57","156.72","152.57","352.09K","1.32%"
"15.07.2024","153.33","155.47","156.13","152.84","638.42K","-2.70%"
"12.07.2024","157.59","152.47","158.13","152.47","489.10K","2.85%"
"11.07.2024","153.23","151.07","153.50","151.07","381.57K","0.70%"
"10.07.2024","152.17","149.33","152.52","147.90","745.44K","1.91%"
"09.07.2024","149.32","151.73","151.73","148.88","257.80K","-1.12%"
"08.07.2024","151.01","149.01","151.63","147.88","367.39K","1.40%"
"05.07.2024","148.93","152.95","152.95","147.38","355.90K","-3.08%"
"04.07.2024","153.66","151.73","154.00","151.73","36.68K","1.34%"
"03.07.2024","151.63","148.11","153.29","147.87","560.33K","2.43%"
"02.07.2024","148.03","152.25","152.77","147.73","1.16M","-3.11%"
"01.07.2024","152.78","155.32","156.95","151.77","614.24K","-2.61%"
"28.06.2024","156.87","156.18","157.36","153.38","1.27M","0.57%"
"27.06.2024","155.98","154.26","156.64","154.17","907.79K","1.83%"
"26.06.2024","153.18","154.45","157.21","152.74","1.06M","-0.55%"
"25.06.2024","154.03","151.21","154.57","149.75","758.29K","1.40%"
"24.06.2024","151.90","151.24","154.84","150.54","909.88K","0.75%"
"21.06.2024","150.77","155.12","155.34","149.77","5.73M","-2.80%"
"20.06.2024","155.12","157.50","157.94","153.88","403.77K","-1.60%"
"19.06.2024","157.64","157.81","160.60","156.67","84.50K","0.22%"
"18.06.2024","157.30","157.19","159.19","155.68","383.34K","0.42%"
"17.06.2024","156.64","157.50","157.54","155.00","209.96K","-0.03%"
"14.06.2024","156.68","158.67","159.17","155.22","365.71K","-1.11%"
"13.06.2024","158.44","161.12","161.67","157.92","521.77K","-2.16%"
"12.06.2024","161.94","163.85","165.83","161.26","844.22K","-0.18%"
"11.06.2024","162.24","160.74","163.66","160.42","729.00K","0.46%"
"10.06.2024","161.50","166.68","167.28","161.23","655.25K","-2.30%"
"07.06.2024","165.30","164.98","167.37","164.19","571.37K","-0.17%"
"06.06.2024","165.58","163.37","167.44","163.27","895.06K","1.48%"
"05.06.2024","163.16","161.52","164.30","159.26","848.32K","1.02%"
"04.06.2024","161.52","157.84","162.00","155.64","1.32M","3.23%"
"03.06.2024","156.47","158.60","162.30","155.66","1.10M","-1.16%"
"31.05.2024","158.31","160.38","160.88","157.35","5.92M","-1.49%"
"30.05.2024","160.71","160.53","161.83","158.60","569.33K","0.02%"
"29.05.2024","160.67","158.20","162.33","157.34","781.53K","1.48%"
"28.05.2024","158.32","156.90","159.47","156.85","482.63K","1.70%"
"27.05.2024","155.68","157.48","158.05","153.47","172.39K","-1.61%"
"24.05.2024","158.23","161.23","161.24","158.00","367.90K","-1.70%"
"23.05.2024","160.96","158.20","161.20","158.11","752.52K","1.09%"
"22.05.2024","159.23","161.53","161.53","157.48","482.52K","-1.41%"
"21.05.2024","161.51","161.59","161.93","159.05","390.80K","-0.06%"
"20.05.2024","161.60","162.32","162.32","160.34","324.58K","-0.44%"
"17.05.2024","162.32","163.71","163.84","161.81","451.37K","-0.88%"
"16.05.2024","163.76","166.60","166.60","160.74","531.68K","-2.49%"
"15.05.2024","167.94","169.00","170.84","167.22","424.11K","-0.68%"
"14.05.2024","169.09","169.79","170.32","168.51","310.48K","-0.28%"
"13.05.2024","169.56","168.15","170.80","167.93","177.13K","0.78%"
"10.05.2024","168.25","169.17","169.95","167.56","412.37K","-0.80%"
"09.05.2024","169.61","168.51","171.00","168.51","381.94K","0.78%"
"08.05.2024","168.30","167.79","169.40","167.01","417.58K","0.30%"
"07.05.2024","167.79","163.78","168.46","163.27","415.04K","2.63%"
"06.05.2024","163.49","167.11","167.27","162.82","371.75K","-2.09%"
"03.05.2024","166.98","165.95","168.57","165.36","833.86K","0.36%"
"02.05.2024","166.38","167.75","167.75","164.94","1.12M","-2.10%"
"30.04.2024","169.95","171.28","171.99","169.49","536.19K","-0.85%"
"29.04.2024","171.40","171.74","172.07","169.47","317.91K","0.13%"
"26.04.2024","171.17","170.87","172.02","169.30","353.65K","0.68%"
"25.04.2024","170.01","167.00","170.93","163.50","553.16K","4.09%"
"24.04.2024","163.33","160.66","166.00","159.82","678.57K","1.92%"
"23.04.2024","160.25","162.57","162.75","158.95","502.43K","-1.63%"
"22.04.2024","162.90","160.29","163.64","159.37","469.08K","1.86%"
"19.04.2024","159.92","161.38","162.20","159.34","223.82K","0.41%"
"18.04.2024","159.27","155.69","159.65","155.69","822.25K","2.32%"
"17.04.2024","155.66","159.00","159.00","155.18","412.51K","-1.72%"
"16.04.2024","158.39","158.94","159.04","156.65","553.84K","-0.36%"
"15.04.2024","158.96","163.00","163.00","158.48","581.61K","-2.23%"
"12.04.2024","162.58","157.25","163.53","157.12","777.47K","3.78%"
"11.04.2024","156.66","154.78","156.92","152.88","658.93K","1.63%"
"10.04.2024","154.14","155.24","155.24","152.42","516.03K","-0.70%"
"09.04.2024","155.23","156.29","157.93","154.67","264.53K","-1.09%"
"08.04.2024","156.94","156.05","158.49","155.65","234.19K","-0.24%"
"05.04.2024","157.32","159.00","159.66","156.58","437.77K","-1.43%"
"04.04.2024","159.60","155.68","159.89","155.46","974.07K","2.78%"
"03.04.2024","155.28","157.90","159.85","155.02","505.88K","-1.69%"
"02.04.2024","157.95","160.07","160.07","154.80","671.66K","-1.37%"
"01.04.2024","160.14","160.99","162.26","158.56","572.81K","-0.15%"
"27.03.2024","160.38","160.17","160.88","158.01","441.32K","0.44%"
"26.03.2024","159.68","159.53","160.80","158.73","253.79K","0.85%"
"25.03.2024","158.33","162.36","162.36","158.00","229.90K","-2.40%"
"22.03.2024","162.23","162.55","162.96","160.20","1.51M","-0.09%"
"21.03.2024","162.38","164.23","165.61","162.04","272.00K","-0.81%"
"20.03.2024","163.71","163.20","164.51","161.97","353.87K","0.91%"
"19.03.2024","162.23","165.00","166.00","161.95","732.41K","-1.24%"
"15.03.2024","164.26","167.00","167.47","163.38","5.03M","-1.40%"
"14.03.2024","166.60","166.33","168.31","165.66","407.79K","0.13%"
"13.03.2024","166.38","164.61","166.81","164.12","609.71K","0.75%"
"12.03.2024","165.14","162.85","166.00","162.62","357.47K","2.10%"
"11.03.2024","161.74","161.09","163.07","160.29","204.35K","0.47%"
"08.03.2024","160.99","161.76","162.46","159.80","224.93K","-1.00%"
"07.03.2024","162.61","162.97","163.45","161.08","234.85K","0.00%"
"06.03.2024","162.61","165.48","167.76","162.08","415.49K","-1.20%"
"05.03.2024","164.58","162.97","165.78","162.97","384.29K","1.50%"
"04.03.2024","162.14","164.43","165.15","161.91","334.99K","-1.50%"
"01.03.2024","164.61","165.99","166.77","164.41","390.18K","-1.05%"
"29.02.2024","166.36","166.49","168.71","164.98","1.25M","0.93%"
"28.02.2024","164.82","169.63","170.37","163.52","529.53K","-3.82%"
"27.02.2024","171.37","168.54","173.20","168.18","497.63K","1.68%"
"26.02.2024","168.54","169.34","169.82","168.28","305.40K","-0.67%"
"23.02.2024","169.67","172.99","172.99","166.23","348.95K","-1.61%"
"22.02.2024","172.45","171.74","173.44","169.11","228.49K","0.65%"
"21.02.2024","171.34","171.36","172.15","169.59","436.91K","-0.36%"
"20.02.2024","171.96","175.71","177.90","171.15","630.95K","-3.83%"
"19.02.2024","178.81","172.13","183.49","171.07","161.02K","3.87%"
"16.02.2024","172.15","171.82","173.27","170.07","266.32K","0.73%"
"15.02.2024","170.91","167.85","172.20","167.85","336.03K","1.92%"
"14.02.2024","167.69","167.55","168.90","167.02","359.44K","0.32%"
"13.02.2024","167.16","166.96","169.03","166.44","365.38K","-0.16%"
"12.02.2024","167.43","167.33","168.45","165.45","239.01K","0.30%"
"09.02.2024","166.93","167.66","167.99","166.42","440.42K","-0.48%"
"08.02.2024","167.73","167.07","168.49","166.96","533.96K","0.58%"
"07.02.2024","166.76","167.78","170.03","165.71","639.63K","-0.40%"
"06.02.2024","167.43","171.61","171.68","167.04","972.06K","-4.83%"
"02.02.2024","175.93","167.69","176.66","167.69","475.49K","5.32%"
"01.02.2024","167.04","163.04","167.76","163.04","588.59K","1.94%"
"31.01.2024","163.86","159.59","165.70","159.07","1.72M","2.43%"
"30.01.2024","159.98","159.89","160.55","158.22","734.84K","-0.14%"
"29.01.2024","160.20","158.53","160.54","157.25","655.70K","1.48%"
"26.01.2024","157.86","156.55","159.83","154.73","1.17M","0.77%"
"25.01.2024","156.66","155.00","157.34","153.92","728.63K","1.00%"
"24.01.2024","155.11","160.00","160.00","154.75","437.79K","-1.27%"
"23.01.2024","157.11","154.34","157.86","154.34","261.98K","1.80%"
"22.01.2024","154.33","156.10","156.51","154.09","227.00K","-1.14%"
"19.01.2024","156.11","156.48","156.48","154.57","292.55K","0.09%"
"18.01.2024","155.97","157.57","157.95","154.67","294.01K","-0.21%"
"17.01.2024","156.30","157.35","157.46","155.41","669.16K","-0.27%"
"16.01.2024","156.73","156.00","157.76","155.85","336.00K","1.08%"
"15.01.2024","155.06","152.28","156.42","152.28","23.50K","-1.20%"
"12.01.2024","156.94","154.38","158.00","154.38","245.11K","3.22%"
"11.01.2024","152.04","153.35","153.89","151.77","456.91K","-0.82%"
"10.01.2024","153.29","153.00","153.98","152.40","486.34K","0.14%"
"09.01.2024","153.08","151.28","153.75","150.96","1.43M","1.04%"
"08.01.2024","151.51","154.19","154.41","151.25","292.80K","-1.27%"
"05.01.2024","153.46","153.44","153.99","151.03","522.02K","-0.54%"
"04.01.2024","154.30","155.99","156.63","153.50","310.46K","-1.16%"
"03.01.2024","156.11","158.16","158.89","155.79","356.04K","-1.64%"
"02.01.2024","158.71","159.95","160.96","158.03","426.77K","-1.40%"
"29.12.2023","160.97","160.04","161.61","159.70","117.44K","0.07%"
"28.12.2023","160.86","163.12","163.12","159.15","180.70K","-0.84%"
"27.12.2023","162.23","162.46","163.64","161.89","311.02K","-0.25%"
"26.12.2023","162.63","161.60","163.39","161.48","71.13K","0.40%"
"22.12.2023","161.99","163.55","164.88","161.53","121.46K","-0.92%"
"21.12.2023","163.50","167.00","167.00","162.82","210.63K","-1.10%"
"20.12.2023","165.32","167.86","168.20","164.72","589.74K","-1.78%"
"19.12.2023","168.31","168.23","169.53","167.35","418.91K","0.28%"
"18.12.2023","167.84","166.70","168.41","165.21","303.05K","0.40%"
"15.12.2023","167.17","164.99","168.48","164.99","2.22M","1.41%"
"14.12.2023","164.85","161.87","165.40","161.48","1.14M","2.48%"
"13.12.2023","160.86","157.00","161.49","157.00","611.90K","2.52%"
"11.12.2023","156.91","153.97","157.56","153.59","389.64K","1.96%"
"08.12.2023","153.90","153.28","155.14","152.23","295.28K","-0.03%"
"07.12.2023","153.94","154.70","155.10","150.91","412.19K","0.53%"
"06.12.2023","153.13","151.45","153.53","151.39","279.92K","0.94%"
"05.12.2023","151.71","149.84","152.21","149.55","193.37K","0.74%"
"04.12.2023","150.60","147.92","152.00","147.43","501.42K","1.80%"
"01.12.2023","147.94","145.98","148.44","145.29","338.19K","1.34%"
"30.11.2023","145.98","144.77","147.29","143.82","3.77M","0.64%"
"29.11.2023","145.05","145.70","147.83","144.09","445.99K","-0.43%"
"28.11.2023","145.68","146.70","147.32","144.57","544.54K","-0.64%"
"27.11.2023","146.62","149.23","149.95","146.23","538.25K","-1.75%"
"24.11.2023","149.23","146.95","151.41","144.82","303.15K","0.88%"
"23.11.2023","147.93","146.94","148.86","146.07","95.91K","0.72%"
"22.11.2023","146.87","145.61","147.49","145.61","548.59K","0.86%"
"21.11.2023","145.62","146.00","146.99","144.95","490.17K","0.08%"
"17.11.2023","145.50","147.03","147.15","144.85","394.52K","-0.55%"
"16.11.2023","146.30","145.18","146.82","144.07","485.11K","0.37%"
"15.11.2023","145.76","148.00","148.26","145.07","840.95K","-1.37%"
"14.11.2023","147.78","146.74","148.27","145.38","461.54K","0.90%"
"13.11.2023","146.46","146.55","147.96","146.16","251.24K","0.56%"
"10.11.2023","145.65","146.23","146.55","144.08","293.20K","-1.01%"
"09.11.2023","147.13","145.72","147.41","144.46","339.41K","0.85%"
"08.11.2023","145.89","145.00","146.68","144.62","399.61K","1.09%"
"07.11.2023","144.32","143.43","145.15","143.23","622.75K","0.42%"
"06.11.2023","143.71","142.46","144.58","142.43","588.11K","0.87%"
"03.11.2023","142.47","142.00","143.15","136.59","661.60K","4.31%"
"01.11.2023","136.58","137.50","138.96","136.20","232.18K","-0.15%"
"31.10.2023","136.79","139.87","139.87","136.32","471.25K","-2.23%"
"30.10.2023","139.91","138.62","140.89","138.07","719.63K","3.05%"
"27.10.2023","135.77","138.64","140.65","135.13","416.76K","-1.83%"
"26.10.2023","138.30","135.00","139.12","135.00","324.86K","2.75%"
"25.10.2023","134.60","133.12","134.90","130.37","1.04M","0.77%"
"24.10.2023","133.57","130.42","134.59","129.87","596.56K","2.80%"
"23.10.2023","129.93","127.03","130.13","126.78","408.84K","2.48%"
"20.10.2023","126.78","128.78","128.80","126.67","625.15K","-2.33%"
"19.10.2023","129.80","132.15","132.21","129.54","387.68K","-2.13%"
"18.10.2023","132.63","135.10","135.26","132.30","304.66K","-1.82%"
"17.10.2023","135.09","134.87","135.58","133.95","629.84K","0.60%"
"16.10.2023","134.29","133.67","134.61","133.17","556.26K","1.24%"
"13.10.2023","132.64","136.66","136.66","132.15","440.88K","-2.76%"
"12.10.2023","136.40","138.10","138.10","133.01","1.15M","0.49%"
"11.10.2023","135.74","136.28","137.03","134.41","775.57K","-1.09%"
"10.10.2023","137.23","135.13","138.41","134.52","728.62K","1.41%"
"09.10.2023","135.32","136.07","136.66","134.66","186.37K","-0.65%"
"06.10.2023","136.20","138.06","138.06","135.90","272.75K","-1.18%"
"05.10.2023","137.82","136.76","138.93","135.73","494.31K","0.55%"
"04.10.2023","137.07","136.82","137.25","135.82","321.92K","-0.04%"
"03.10.2023","137.13","137.32","137.77","136.36","577.74K","-0.33%"
"02.10.2023","137.59","136.37","137.86","134.78","467.07K","0.59%"
"29.09.2023","136.78","138.21","138.21","135.64","553.29K","-0.92%"
"28.09.2023","138.05","133.74","138.22","133.73","884.34K","3.17%"
"27.09.2023","133.81","135.01","136.51","132.76","901.44K","-0.76%"
"26.09.2023","134.83","135.61","135.96","134.40","621.48K","-0.86%"
"25.09.2023","136.00","136.01","138.00","135.83","612.42K","-0.01%"
"22.09.2023","136.01","136.39","137.23","135.59","855.86K","-0.53%"
"21.09.2023","136.74","138.76","138.93","136.25","312.88K","-1.76%"
"20.09.2023","139.19","139.51","140.39","138.61","346.00K","-0.18%"
"19.09.2023","139.44","136.61","139.83","136.51","412.95K","2.42%"
"18.09.2023","136.15","136.25","137.67","135.34","506.15K","0.46%"
"15.09.2023","135.53","138.15","138.31","134.93","2.96M","-1.97%"
"14.09.2023","138.26","138.18","139.75","138.02","318.69K","0.22%"
"13.09.2023","137.95","137.64","138.19","136.06","549.69K","0.33%"
"12.09.2023","137.49","142.45","142.45","136.85","429.77K","-3.34%"
"11.09.2023","142.24","143.59","145.49","141.95","237.62K","-0.93%"
"08.09.2023","143.58","143.11","144.28","142.41","475.51K","-0.41%"
"07.09.2023","144.17","146.98","147.55","143.00","1.86M","-1.82%"
"06.09.2023","146.85","146.07","148.00","146.07","431.12K","0.94%"
"05.09.2023","145.48","141.33","146.31","141.33","470.17K","2.39%"
"04.09.2023","142.09","145.14","145.18","140.00","97.95K","-2.10%"
"01.09.2023","145.14","144.90","145.71","143.69","367.33K","0.46%"
"31.08.2023","144.47","149.35","149.35","142.89","2.88M","-3.23%"
"30.08.2023","149.29","147.51","150.56","147.51","1.18M","0.99%"
"29.08.2023","147.82","145.32","148.26","145.32","959.12K","1.62%"
"28.08.2023","145.47","146.57","147.15","145.20","226.20K","-0.28%"
"25.08.2023","145.88","145.08","146.72","144.57","303.63K","0.58%"
"24.08.2023","145.04","146.70","147.70","144.58","231.11K","-0.77%"
"23.08.2023","146.16","145.27","147.49","145.24","421.24K","0.38%"
"22.08.2023","145.61","145.90","146.69","145.39","340.90K","-0.20%"
"21.08.2023","145.90","147.60","147.61","144.76","349.90K","-1.31%"
"18.08.2023","147.84","144.51","148.54","144.09","390.47K","2.35%"
"17.08.2023","144.45","144.00","145.07","143.16","757.62K","0.61%"
"16.08.2023","143.57","142.37","143.94","142.15","372.71K","0.75%"
"15.08.2023","142.50","141.19","143.01","141.15","398.41K","1.11%"
"14.08.2023","140.94","140.57","141.50","140.33","711.83K","0.71%"
"11.08.2023","139.94","140.61","141.61","139.50","395.03K","-0.46%"
"10.08.2023","140.58","140.44","141.31","140.20","552.65K","0.36%"
"09.08.2023","140.07","138.63","141.32","138.14","522.12K","1.01%"
"08.08.2023","138.67","140.04","140.04","137.68","502.38K","-0.90%"
"07.08.2023","139.93","138.61","140.91","138.61","187.38K","0.79%"
"04.08.2023","138.84","139.63","140.27","138.68","310.75K","-0.69%"
"03.08.2023","139.80","140.96","141.57","137.51","743.03K","-0.40%"
"02.08.2023","140.36","140.96","141.56","140.10","431.95K","-0.60%"
"01.08.2023","141.21","141.83","142.84","139.81","351.08K","-0.11%"
"31.07.2023","141.36","142.30","142.79","141.00","307.73K","-0.20%"
"28.07.2023","141.64","141.10","142.63","140.84","467.16K","-0.05%"
"27.07.2023","141.71","143.00","143.15","141.02","543.08K","-1.39%"
"26.07.2023","143.71","139.27","145.00","139.27","568.16K","3.50%"
"25.07.2023","138.85","137.85","139.40","137.50","672.27K","0.72%"
"24.07.2023","137.86","141.79","141.79","136.60","449.95K","-2.71%"
"21.07.2023","141.70","139.88","142.00","139.88","202.72K","1.56%"
"20.07.2023","139.53","139.00","140.73","138.52","249.23K","-0.21%"
"19.07.2023","139.82","140.83","141.11","138.58","796.26K","-0.27%"
"18.07.2023","140.20","140.77","141.42","139.24","341.42K","-0.11%"
"17.07.2023","140.36","141.60","142.26","139.83","267.66K","-0.88%"
"14.07.2023","141.61","143.38","143.38","140.72","407.01K","-1.41%"
"13.07.2023","143.63","140.45","144.03","140.45","472.73K","2.74%"
"12.07.2023","139.80","138.54","140.01","137.28","1.13M","1.14%"
"11.07.2023","138.22","138.16","138.39","132.55","788.50K","-0.17%"
"10.07.2023","138.46","140.09","140.31","138.16","546.79K","-1.21%"
"07.07.2023","140.16","140.82","140.82","139.00","692.59K","-0.41%"
"06.07.2023","140.74","141.74","142.85","140.26","543.35K","-1.26%"
"05.07.2023","142.53","141.78","142.90","140.14","956.14K","1.15%"
"04.07.2023","140.91","145.50","145.50","140.51","138.51K","-2.16%"
"03.07.2023","144.02","142.72","145.48","142.39","460.49K","0.66%"
"30.06.2023","143.08","142.65","143.33","140.58","1.04M","0.05%"
"29.06.2023","143.01","143.50","144.55","141.65","252.01K","-0.78%"
"28.06.2023","144.14","144.20","144.95","143.66","458.34K","-0.56%"
"27.06.2023","144.95","146.92","147.16","143.38","2.00M","-1.09%"
"26.06.2023","146.54","149.13","149.13","145.61","582.99K","-1.70%"
"23.06.2023","149.07","151.64","151.82","148.80","1.13M","-1.47%"
"22.06.2023","151.29","151.19","151.64","150.48","293.29K","-0.18%"
"21.06.2023","151.57","149.25","152.32","149.09","426.02K","0.35%"
"20.06.2023","151.04","151.56","152.21","150.57","521.89K","-0.66%"
"19.06.2023","152.05","151.95","152.48","151.53","58.67K","1.08%"
"16.06.2023","150.42","151.90","152.72","150.07","2.19M","-0.48%"
"15.06.2023","151.15","151.80","152.69","149.86","593.13K","-0.28%"
"14.06.2023","151.58","152.51","153.15","150.59","609.52K","-0.37%"
"13.06.2023","152.15","151.72","153.96","151.12","706.32K","-0.39%"
"12.06.2023","152.75","153.19","153.47","151.62","575.67K","-0.46%"
"09.06.2023","153.45","153.20","154.69","152.72","921.10K","0.34%"
"08.06.2023","152.93","151.21","153.16","150.06","768.34K","1.22%"
"07.06.2023","151.09","148.49","151.32","148.02","2.87M","2.14%"
"06.06.2023","147.92","147.97","148.63","147.25","700.80K","0.12%"
"05.06.2023","147.75","147.17","148.65","146.60","286.62K","0.54%"
"02.06.2023","146.95","146.00","148.50","145.67","570.42K","0.33%"
"01.06.2023","146.46","144.60","147.86","144.60","469.38K","0.81%"
"31.05.2023","145.29","148.38","149.14","144.27","9.73M","-2.19%"
"30.05.2023","148.55","149.31","149.50","146.33","1.39M","1.94%"
"29.05.2023","145.72","150.26","150.26","145.06","209.03K","-2.87%"
"26.05.2023","150.03","151.76","152.54","149.16","870.61K","-1.15%"
"25.05.2023","151.77","156.20","156.20","149.94","884.28K","0.03%"
"24.05.2023","151.72","153.18","153.48","151.51","999.40K","-1.35%"
"23.05.2023","153.79","153.87","155.61","153.04","965.38K","-0.17%"
"22.05.2023","154.05","158.00","159.59","153.63","634.03K","-2.33%"
"19.05.2023","157.72","157.07","158.25","156.24","408.55K","0.90%"
"18.05.2023","156.31","155.20","157.33","154.50","599.74K","0.51%"
"17.05.2023","155.52","156.02","156.48","154.48","730.94K","0.16%"
"16.05.2023","155.27","155.00","156.74","155.00","287.86K","0.19%"
"15.05.2023","154.97","156.27","158.03","154.46","449.84K","-0.76%"
"12.05.2023","156.16","159.67","159.76","155.84","356.54K","-1.88%"
"11.05.2023","159.16","159.19","159.77","157.99","335.94K","0.52%"
"10.05.2023","158.33","159.46","159.88","158.13","1.23M","-1.62%"
"09.05.2023","160.93","160.12","161.97","159.25","441.42K","0.25%"
"08.05.2023","160.53","164.28","164.28","157.63","329.17K","2.11%"
"05.05.2023","157.22","155.70","158.42","155.00","338.92K","0.94%"
"04.05.2023","155.75","154.07","156.21","153.52","457.12K","1.27%"
"03.05.2023","153.79","152.31","155.28","152.31","419.49K","1.36%"
"02.05.2023","151.72","149.38","152.09","146.49","572.92K","2.22%"
"28.04.2023","148.43","147.40","149.79","146.00","786.20K","-0.01%"
"27.04.2023","148.44","152.85","152.85","147.15","374.26K","-1.73%"
"26.04.2023","151.06","152.02","154.14","150.26","469.36K","-0.79%"
"25.04.2023","152.27","151.47","154.43","150.50","1.03M","0.20%"
"24.04.2023","151.97","149.46","152.30","149.46","462.07K","1.28%"
"21.04.2023","150.05","150.54","150.68","149.28","419.67K","-0.28%"
"20.04.2023","150.47","150.87","151.34","150.03","549.42K","0.01%"
"19.04.2023","150.46","150.71","152.87","150.31","632.66K","0.12%"
"18.04.2023","150.28","151.00","151.91","149.98","345.99K","-0.08%"
"17.04.2023","150.40","151.20","152.57","149.90","640.56K","-0.27%"
"14.04.2023","150.80","150.56","150.99","149.59","417.96K","0.27%"
"13.04.2023","150.40","151.20","151.54","149.70","1.34M","-0.26%"
"12.04.2023","150.79","150.33","151.30","149.98","1.07M","-0.29%"
"11.04.2023","151.23","150.49","153.37","150.28","508.00K","1.16%"
"10.04.2023","149.49","149.03","150.50","148.89","303.74K","0.31%"
"05.04.2023","149.03","147.83","149.60","147.54","528.45K","1.02%"
"04.04.2023","147.53","147.90","149.25","147.25","682.56K","0.34%"
"03.04.2023","147.03","145.99","148.34","145.99","917.75K","1.59%"
"31.03.2023","144.73","145.22","147.34","144.44","984.08K","-0.11%"
"30.03.2023","144.89","144.74","146.60","144.45","555.30K","1.02%"
"29.03.2023","143.43","143.00","144.75","142.29","937.15K","0.36%"
"28.03.2023","142.92","143.93","143.95","142.23","858.01K","-0.74%"
"27.03.2023","143.99","145.37","146.13","143.73","530.94K","-0.53%"
"24.03.2023","144.76","142.89","145.16","142.65","580.63K","1.14%"
"23.03.2023","143.13","143.15","144.06","142.20","892.01K","-0.02%"
"22.03.2023","143.16","143.64","144.76","142.49","496.10K","-0.39%"
"21.03.2023","143.72","142.55","145.31","142.55","507.75K","1.53%"
"17.03.2023","141.56","141.19","141.87","140.25","2.88M","0.07%"
"16.03.2023","141.46","142.58","142.60","141.22","672.36K","-0.46%"
"15.03.2023","142.11","141.23","142.60","140.13","455.85K","1.38%"
"14.03.2023","140.17","141.28","143.27","139.68","540.92K","-1.09%"
"13.03.2023","141.71","140.40","143.89","140.40","631.42K","0.88%"
"10.03.2023","140.47","142.02","142.50","139.82","277.18K","-0.21%"
"09.03.2023","140.76","140.99","142.75","140.38","567.60K","0.08%"
"08.03.2023","140.65","139.33","142.09","139.33","441.40K","1.71%"
"07.03.2023","138.28","137.57","139.19","136.10","1.30M","1.00%"
"06.03.2023","136.91","132.97","137.41","132.75","485.97K","2.88%"
"03.03.2023","133.08","133.45","134.29","132.07","417.40K","0.42%"
"02.03.2023","132.52","132.44","133.56","131.64","381.15K","0.21%"
"01.03.2023","132.24","131.68","132.93","131.38","363.76K","-0.08%"
"28.02.2023","132.34","133.44","134.18","131.76","1.07M","-1.33%"
"27.02.2023","134.12","134.54","135.87","133.76","138.08K","-0.23%"
"24.02.2023","134.43","131.35","135.47","129.83","494.23K","1.47%"
"23.02.2023","132.48","132.54","133.12","131.94","449.56K","0.20%"
"22.02.2023","132.22","131.74","132.41","131.22","633.95K","0.61%"
"21.02.2023","131.42","131.18","131.94","130.50","1.15M","0.81%"
"20.02.2023","130.37","130.54","131.85","129.34","37.44K","-0.82%"
"17.02.2023","131.45","129.86","131.60","129.52","407.71K","1.30%"
"16.02.2023","129.76","131.44","131.46","130.45","93.30K","-1.35%"
"15.02.2023","131.54","131.96","131.96","129.82","617.88K","-0.32%"
"14.02.2023","131.96","132.12","132.38","130.31","1.15M","-0.12%"
"13.02.2023","132.12","133.97","133.97","131.35","440.30K","0.64%"
"10.02.2023","131.28","132.55","133.21","130.56","658.58K","-1.05%"
"09.02.2023","132.67","133.15","135.25","132.03","274.50K","-0.59%"
"08.02.2023","133.46","135.37","135.51","132.35","557.71K","-1.95%"
"07.02.2023","136.11","138.34","138.99","135.21","881.01K","-1.84%"
"03.02.2023","138.66","140.01","140.41","136.48","654.88K","0.10%"
"02.02.2023","138.52","141.16","141.17","137.77","927.18K","-2.13%"
"01.02.2023","141.54","143.83","144.05","139.65","429.06K","-1.20%"
"31.01.2023","143.26","139.69","144.01","139.19","1.61M","2.42%"
"30.01.2023","139.87","139.19","140.00","137.52","855.00K","0.64%"
"27.01.2023","138.98","142.28","142.93","138.40","911.01K","-2.37%"
"26.01.2023","142.35","143.99","144.00","140.37","429.92K","0.80%"
"25.01.2023","141.22","140.10","142.42","139.80","323.82K","0.06%"
"24.01.2023","141.13","139.24","144.44","139.09","789.28K","2.07%"
"23.01.2023","138.27","134.18","141.56","134.18","367.24K","3.29%"
"20.01.2023","133.87","134.39","134.39","131.93","357.77K","0.44%"
"19.01.2023","133.29","135.01","136.01","132.78","522.82K","-1.27%"
"18.01.2023","135.01","134.28","136.90","134.18","358.63K","0.08%"
"17.01.2023","134.90","136.10","136.19","133.70","550.58K","-1.60%"
"16.01.2023","137.10","134.48","137.84","134.09","164.32K","3.51%"
"13.01.2023","132.45","133.00","133.80","132.16","428.44K","-0.29%"
"12.01.2023","132.84","134.23","135.01","132.61","623.63K","-1.02%"
"11.01.2023","134.21","131.30","134.81","131.17","670.14K","2.52%"
"10.01.2023","130.91","131.40","131.43","129.82","731.68K","0.11%"
"09.01.2023","130.77","131.15","132.13","129.48","632.01K","-0.46%"
"06.01.2023","131.38","128.27","131.50","127.94","425.34K","1.80%"
"05.01.2023","129.06","129.24","129.73","128.06","684.79K","-0.15%"
"04.01.2023","129.25","126.39","129.56","126.01","720.77K","2.21%"
"03.01.2023","126.46","131.70","131.70","126.06","645.53K","-2.80%"
"02.01.2023","130.10","132.07","132.07","126.06","100.85K","-1.32%"
"30.12.2022","131.84","133.22","133.22","131.05","484.62K","-1.76%"
"29.12.2022","134.20","134.77","135.51","133.85","367.19K","-0.33%"
"28.12.2022","134.64","135.09","135.52","133.93","183.12K","-0.65%"
"27.12.2022","135.52","137.00","137.32","134.96","196.74K","-0.14%"
"26.12.2022","135.71","136.92","137.54","135.56","33.58K","-0.19%"
"23.12.2022","135.97","134.20","136.88","133.53","357.17K","0.92%"
"22.12.2022","134.73","135.79","135.79","133.53","704.15K","-0.61%"
"21.12.2022","135.56","134.10","136.29","133.82","716.90K","1.22%"
"20.12.2022","133.92","134.02","135.01","133.42","743.00K","-0.20%"
"19.12.2022","134.19","134.58","135.16","133.33","286.08K","0.92%"
"16.12.2022","132.97","131.29","133.47","130.23","1.93M","1.28%"
"15.12.2022","131.29","130.77","132.28","130.77","1.31M","0.01%"
"14.12.2022","131.28","131.30","132.36","129.91","610.43K","0.05%"
"13.12.2022","131.22","130.00","133.47","130.00","1.02M","1.00%"
"09.12.2022","129.92","130.10","130.82","129.73","541.10K","-0.39%"
"08.12.2022","130.43","132.56","132.97","130.32","673.75K","-1.67%"
"07.12.2022","132.64","134.15","135.50","131.89","557.27K","-1.80%"
"06.12.2022","135.07","133.65","135.26","132.79","938.35K","1.47%"
"05.12.2022","133.11","134.14","134.50","131.50","540.45K","-0.27%"
"02.12.2022","133.47","132.47","134.32","132.36","545.02K","1.53%"
"01.12.2022","131.46","131.03","132.68","130.68","2.07M","-0.08%"
"30.11.2022","131.57","129.85","132.69","129.59","6.37M","1.77%"
"29.11.2022","129.28","131.31","131.92","129.02","913.14K","-1.52%"
"28.11.2022","131.27","132.25","133.90","131.00","710.65K","0.18%"
"25.11.2022","131.04","132.51","133.89","129.55","535.35K","-2.16%"
"24.11.2022","133.93","132.89","134.33","131.93","102.52K","0.91%"
"23.11.2022","132.72","131.61","133.93","131.01","796.44K","0.33%"
"22.11.2022","132.28","134.36","135.13","131.82","1.01M","-1.55%"
"18.11.2022","134.36","133.50","134.74","133.35","394.21K","1.08%"
"17.11.2022","132.93","132.57","133.10","131.71","813.12K","-0.42%"
"16.11.2022","133.49","130.90","134.95","130.34","677.57K","1.43%"
"15.11.2022","131.61","132.30","134.67","131.27","591.31K","-0.26%"
"14.11.2022","131.95","129.87","132.59","129.41","785.53K","1.25%"
"11.11.2022","130.32","127.52","130.66","127.52","953.53K","1.61%"
"10.11.2022","128.25","129.82","129.82","127.87","388.83K","0.09%"
"09.11.2022","128.14","128.49","129.66","127.87","696.78K","-0.28%"
"08.11.2022","128.50","126.65","128.70","126.33","701.23K","1.44%"
"07.11.2022","126.68","123.31","126.93","123.31","852.21K","2.82%"
"04.11.2022","123.20","124.16","124.16","122.03","418.40K","-0.58%"
"03.11.2022","123.92","127.00","127.00","122.53","3.38M","-2.57%"
"01.11.2022","127.19","124.65","127.69","124.60","737.70K","1.91%"
"31.10.2022","124.81","121.64","125.24","120.91","1.46M","1.06%"
"28.10.2022","123.50","124.09","124.84","123.12","962.64K","-0.26%"
"27.10.2022","123.82","124.40","124.40","122.61","835.82K","-0.66%"
"26.10.2022","124.64","123.68","124.97","123.19","427.23K","1.32%"
"25.10.2022","123.02","122.00","123.70","120.57","1.11M","1.87%"
"24.10.2022","120.76","121.54","122.00","120.33","571.84K","0.16%"
"21.10.2022","120.57","119.71","121.51","119.71","378.49K","0.84%"
"20.10.2022","119.57","120.62","121.18","119.09","2.06M","-1.79%"
"19.10.2022","121.75","120.73","122.00","120.38","401.16K","0.94%"
"18.10.2022","120.62","120.03","121.23","120.03","451.32K","0.61%"
"17.10.2022","119.89","119.00","120.98","118.50","452.02K","1.24%"
"14.10.2022","118.42","119.90","120.00","117.56","515.73K","-1.30%"
"13.10.2022","119.98","116.80","120.27","116.00","405.64K","1.90%"
"12.10.2022","117.74","120.11","120.45","116.87","426.14K","-1.54%"
"11.10.2022","119.58","119.15","120.53","117.80","298.04K","0.03%"
"10.10.2022","119.54","120.04","121.46","119.32","228.33K","-0.69%"
"07.10.2022","120.37","121.89","121.89","119.02","430.42K","-1.51%"
"06.10.2022","122.22","123.44","123.53","121.77","367.38K","-0.95%"
"05.10.2022","123.39","121.83","123.96","121.83","362.81K","1.28%"
"04.10.2022","121.83","121.97","122.74","121.07","351.80K","0.85%"
"03.10.2022","120.80","118.37","122.28","118.02","462.99K","2.66%"
"30.09.2022","117.67","116.81","118.81","116.02","1.21M","0.74%"
"29.09.2022","116.81","115.21","118.41","113.01","874.57K","0.63%"
"28.09.2022","116.08","115.02","117.59","114.75","872.20K","0.42%"
"27.09.2022","115.60","115.50","116.51","114.40","830.41K","0.35%"
"26.09.2022","115.20","117.03","117.32","114.65","441.10K","-1.52%"
"23.09.2022","116.98","120.01","120.01","116.32","622.70K","-3.35%"
"22.09.2022","121.04","120.85","121.54","120.03","326.99K","-0.49%"
"21.09.2022","121.63","124.34","124.64","121.05","696.18K","-2.88%"
"20.09.2022","125.24","126.00","126.17","124.28","610.49K","0.03%"
"19.09.2022","125.20","122.86","125.71","122.86","1.72M","1.11%"
"15.09.2022","123.82","125.95","126.16","123.32","3.46M","-2.13%"
"14.09.2022","126.51","126.69","128.24","125.20","494.61K","0.09%"
"13.09.2022","126.39","127.90","129.07","126.15","480.27K","-1.40%"
"12.09.2022","128.19","125.26","129.48","125.26","680.52K","2.63%"
"09.09.2022","124.90","125.27","125.72","124.34","198.72K","-0.33%"
"08.09.2022","125.31","125.60","125.80","124.17","448.76K","0.76%"
"07.09.2022","124.36","126.39","126.87","124.08","635.87K","-1.57%"
"06.09.2022","126.35","122.72","126.54","122.21","673.83K","4.65%"
"05.09.2022","120.74","122.40","122.51","115.10","150.39K","-1.24%"
"02.09.2022","122.26","125.40","125.40","121.87","610.58K","-0.54%"
"01.09.2022","122.92","122.50","123.88","121.61","765.08K","-0.21%"
"31.08.2022","123.18","126.04","126.04","122.83","3.22M","-1.24%"
"30.08.2022","124.73","125.82","126.23","124.45","482.80K","-0.65%"
"29.08.2022","125.54","123.62","126.00","123.62","795.55K","0.86%"
"26.08.2022","124.47","125.68","126.00","123.52","318.84K","-1.14%"
"25.08.2022","125.90","124.46","126.00","124.20","621.63K","1.17%"
"24.08.2022","124.45","125.18","125.99","124.01","439.49K","-1.01%"
"23.08.2022","125.72","123.97","125.90","123.97","539.91K","0.87%"
"22.08.2022","124.63","126.24","126.24","123.92","709.46K","-1.33%"
"19.08.2022","126.31","125.94","126.86","125.81","222.95K","-0.06%"
"18.08.2022","126.38","125.40","126.47","125.24","207.95K","0.13%"
"17.08.2022","126.21","125.85","126.30","124.53","246.00K","0.41%"
"16.08.2022","125.69","125.80","126.86","124.37","538.13K","0.62%"
"15.08.2022","124.91","124.30","125.53","123.02","375.86K","0.85%"
"12.08.2022","123.86","123.57","124.41","123.29","447.66K","-0.15%"
"11.08.2022","124.04","120.26","124.66","120.23","669.58K","2.72%"
"10.08.2022","120.76","121.71","122.20","119.84","520.16K","-0.91%"
"09.08.2022","121.87","120.50","122.32","120.50","1.20M","0.55%"
"08.08.2022","121.20","123.06","123.06","120.65","666.43K","-0.69%"
"05.08.2022","122.04","120.51","123.32","120.51","687.17K","0.39%"
"04.08.2022","121.56","121.11","122.89","120.13","469.00K","-0.90%"
"03.08.2022","122.67","123.02","124.23","122.25","924.11K","-0.68%"
"02.08.2022","123.51","124.52","125.69","122.45","733.96K","-0.48%"
"01.08.2022","124.11","122.56","124.58","121.99","564.63K","0.56%"
"29.07.2022","123.42","122.83","123.71","120.96","899.68K","0.02%"
"28.07.2022","123.39","123.47","124.90","122.38","625.33K","-0.50%"
"27.07.2022","124.01","118.84","124.30","118.02","725.60K","4.53%"
"26.07.2022","118.64","115.80","119.66","115.77","574.51K","3.30%"
"25.07.2022","114.85","111.97","115.35","111.97","292.69K","2.56%"
"22.07.2022","111.98","112.00","112.43","111.09","329.99K","-0.33%"
"21.07.2022","112.35","112.03","112.51","110.96","513.00K","0.53%"
"20.07.2022","111.76","115.03","115.05","111.50","576.17K","-2.78%"
"19.07.2022","114.95","113.69","115.08","113.31","347.19K","1.74%"
"18.07.2022","112.98","112.90","113.99","112.24","413.26K","-0.11%"
"15.07.2022","113.11","110.66","113.48","110.27","307.50K","2.74%"
"14.07.2022","110.09","111.84","111.84","108.65","611.50K","-1.73%"
"13.07.2022","112.03","112.04","112.28","111.04","1.35M","-0.61%"
"12.07.2022","112.72","113.30","113.60","112.20","602.78K","-0.07%"
"11.07.2022","112.80","112.69","113.38","111.52","147.18K","0.30%"
"08.07.2022","112.46","114.08","114.08","111.52","532.76K","-1.70%"
"07.07.2022","114.41","115.32","116.61","113.57","1.01M","-0.90%"
"06.07.2022","115.45","115.91","116.07","114.07","599.84K","0.31%"
"05.07.2022","115.09","114.35","115.68","112.69","415.71K","1.85%"
"04.07.2022","113.00","114.83","116.79","112.01","237.07K","-1.15%"
"01.07.2022","114.32","111.50","114.72","111.50","266.65K","2.68%"
"30.06.2022","111.34","112.15","113.16","110.56","1.42M","-1.31%"
"29.06.2022","112.82","114.97","114.97","112.49","860.55K","-1.29%"
"28.06.2022","114.29","118.28","118.84","113.83","932.72K","-3.37%"
"27.06.2022","118.27","115.34","118.94","114.78","705.52K","2.47%"
"24.06.2022","115.42","113.71","116.30","112.78","743.50K","1.50%"
"23.06.2022","113.71","114.24","114.82","113.35","728.28K","-0.08%"
"22.06.2022","113.80","114.63","114.89","113.00","1.08M","-1.04%"
"21.06.2022","115.00","111.99","115.14","111.55","506.07K","3.01%"
"20.06.2022","111.64","112.97","113.43","111.48","100.12K","-0.91%"
"17.06.2022","112.66","115.00","115.78","110.00","4.18M","-1.00%"
"16.06.2022","113.80","112.75","114.03","111.66","495.03K","0.62%"
"15.06.2022","113.10","115.73","116.30","112.54","702.56K","-2.06%"
"14.06.2022","115.48","113.94","116.88","113.73","1.02M","1.67%"
"13.06.2022","113.58","111.82","114.05","111.55","833.26K","1.68%"
"10.06.2022","111.70","110.15","112.26","109.33","390.70K","1.10%"
"09.06.2022","110.48","110.80","111.56","110.25","543.40K","-0.89%"
"08.06.2022","111.47","112.97","113.64","110.55","688.32K","-1.55%"
"07.06.2022","113.22","111.28","113.42","109.43","464.64K","1.62%"
"06.06.2022","111.42","112.66","113.70","110.79","323.04K","-1.27%"
"03.06.2022","112.85","112.40","113.26","111.74","347.69K","0.15%"
"02.06.2022","112.68","115.21","115.22","112.13","585.85K","-2.70%"
"01.06.2022","115.81","116.99","116.99","113.69","828.68K","-1.76%"
"31.05.2022","117.89","116.05","118.91","114.48","6.29M","1.06%"
"30.05.2022","116.65","116.18","118.00","115.00","333.11K","0.16%"
"27.05.2022","116.46","114.13","116.78","114.13","608.85K","1.33%"
"26.05.2022","114.93","113.87","115.00","114.19","270.97K","0.88%"
"25.05.2022","113.93","113.47","114.39","113.04","734.14K","0.67%"
"24.05.2022","113.17","112.97","114.27","112.55","672.87K","-0.54%"
"23.05.2022","113.79","112.65","114.64","111.97","520.48K","1.08%"
"20.05.2022","112.57","109.60","112.99","109.60","728.55K","2.37%"
"19.05.2022","109.96","108.21","110.68","107.54","1.27M","1.35%"
"18.05.2022","108.49","111.24","111.24","108.25","667.04K","-3.83%"
"17.05.2022","112.81","111.48","113.94","111.45","651.71K","0.53%"
"16.05.2022","112.22","111.20","112.67","111.20","626.39K","0.75%"
"13.05.2022","111.38","111.34","111.95","110.34","294.45K","0.37%"
"12.05.2022","110.97","109.84","111.52","108.20","537.84K","2.01%"
"11.05.2022","108.78","108.98","110.56","108.51","521.32K","-0.27%"
"10.05.2022","109.07","110.31","110.60","108.86","875.08K","-0.82%"
"09.05.2022","109.97","108.61","110.67","107.87","265.87K","0.83%"
"06.05.2022","109.06","110.60","111.30","108.09","552.65K","-1.88%"
"05.05.2022","111.15","112.50","112.71","110.85","495.73K","-1.98%"
"04.05.2022","113.40","109.39","114.20","109.39","673.46K","3.44%"
"03.05.2022","109.63","110.00","111.85","109.10","878.34K","1.02%"
"02.05.2022","108.52","111.11","111.14","107.59","263.81K","-2.47%"
"29.04.2022","111.27","112.85","112.85","109.62","682.93K","-1.38%"
"28.04.2022","112.83","111.99","113.39","111.39","804.28K","2.03%"
"27.04.2022","110.59","111.02","111.98","110.29","648.49K","0.12%"
"26.04.2022","110.46","113.79","113.79","110.06","608.17K","-2.34%"
"25.04.2022","113.11","114.40","114.40","112.38","489.89K","-1.05%"
"22.04.2022","114.31","114.91","115.48","113.81","538.52K","-0.28%"
"21.04.2022","114.63","114.27","116.39","114.13","1.02M","0.70%"
"20.04.2022","113.83","113.06","114.02","112.19","1.03M","1.17%"
"19.04.2022","112.51","112.29","113.20","112.00","808.58K","0.41%"
"18.04.2022","112.05","110.90","113.10","110.73","358.89K","1.48%"
"13.04.2022","110.42","110.76","110.94","109.45","257.05K","0.27%"
"12.04.2022","110.12","110.32","111.01","109.68","573.32K","0.07%"
"11.04.2022","110.04","110.99","111.73","109.44","481.53K","-0.70%"
"08.04.2022","110.82","110.04","110.99","109.45","258.39K","0.55%"
"07.04.2022","110.21","111.03","111.03","109.42","584.17K","-0.74%"
"06.04.2022","111.03","109.83","111.47","109.83","503.99K","0.59%"
"05.04.2022","110.38","110.00","110.65","108.55","324.99K","-0.27%"
"04.04.2022","110.68","110.95","111.25","109.75","198.23K","-0.24%"
"01.04.2022","110.95","109.53","111.32","109.37","518.93K","1.30%"
"31.03.2022","109.53","106.58","109.80","106.28","917.87K","3.34%"
"30.03.2022","105.99","110.37","110.37","105.80","865.88K","-3.18%"
"29.03.2022","109.47","107.67","110.57","107.22","972.51K","1.58%"
"28.03.2022","107.77","108.20","108.34","106.88","328.69K","-0.29%"
"25.03.2022","108.08","107.77","108.33","105.80","697.98K","0.29%"
"24.03.2022","107.77","106.75","108.13","106.32","656.32K","0.62%"
"23.03.2022","107.11","106.97","107.30","106.19","558.05K","0.33%"
"22.03.2022","106.76","106.84","107.30","106.00","596.57K","0.19%"
"18.03.2022","106.56","108.63","108.63","105.99","7.00M","-2.01%"
"17.03.2022","108.75","107.66","108.99","107.11","632.43K","0.77%"
"16.03.2022","107.92","109.30","110.09","107.14","934.22K","1.73%"
"15.03.2022","106.08","106.68","106.90","105.45","1.93M","0.15%"
"14.03.2022","105.92","108.16","108.79","105.71","2.43M","-1.88%"
"11.03.2022","107.95","108.41","109.20","107.53","287.17K","0.24%"
"10.03.2022","107.69","109.75","110.55","107.24","670.63K","-2.32%"
"09.03.2022","110.25","109.17","110.49","108.58","396.34K","0.94%"
"08.03.2022","109.22","110.34","110.84","108.53","570.79K","-0.29%"
"07.03.2022","109.54","110.50","111.94","106.45","608.37K","-0.57%"
"04.03.2022","110.17","111.27","111.34","109.32","489.61K","-1.10%"
"03.03.2022","111.40","112.28","113.47","110.85","845.78K","-1.41%"
"02.03.2022","112.99","110.30","113.50","110.30","970.79K","3.07%"
"01.03.2022","109.62","111.64","113.00","109.10","593.61K","-2.54%"
"28.02.2022","112.48","111.34","113.40","110.29","1.59M","-0.26%"
"25.02.2022","112.77","108.53","113.40","108.47","234.42K","3.97%"
"24.02.2022","108.46","108.11","108.97","105.82","448.07K","-0.61%"
"23.02.2022","109.13","112.22","112.22","108.37","572.44K","-2.94%"
"22.02.2022","112.44","110.60","112.63","108.06","516.80K","-0.13%"
"21.02.2022","112.59","108.76","114.68","107.90","61.75K","3.65%"
"18.02.2022","108.62","108.26","108.85","107.01","469.17K","-0.16%"
"17.02.2022","108.79","108.88","109.41","108.01","307.22K","-0.48%"
"16.02.2022","109.32","108.50","109.54","108.07","283.47K","0.27%"
"15.02.2022","109.03","107.40","109.48","107.40","345.26K","1.98%"
"14.02.2022","106.91","108.84","108.84","105.96","564.93K","-2.79%"
"11.02.2022","109.98","108.05","110.63","107.97","285.57K","1.03%"
"10.02.2022","108.86","109.99","111.34","108.05","386.25K","-1.06%"
"09.02.2022","110.03","110.17","110.54","109.56","262.68K","-0.25%"
"08.02.2022","110.31","109.12","110.63","108.93","500.79K","1.27%"
"04.02.2022","108.93","108.51","109.50","108.10","196.77K","-0.11%"
"03.02.2022","109.05","109.98","111.02","108.74","509.81K","-1.84%"
"02.02.2022","111.09","108.32","111.82","108.32","604.78K","2.48%"
"01.02.2022","108.40","109.39","109.39","107.21","485.02K","0.12%"
"31.01.2022","108.27","108.60","109.42","107.48","852.85K","-0.52%"
"28.01.2022","108.84","110.50","110.54","108.71","616.55K","-1.10%"
"27.01.2022","110.05","112.23","113.20","109.55","321.32K","-0.59%"
"26.01.2022","110.70","111.26","112.24","110.47","427.05K","-0.07%"
"25.01.2022","110.78","108.51","111.14","107.80","886.52K","2.12%"
"24.01.2022","108.48","109.10","109.43","106.70","686.92K","-0.66%"
"21.01.2022","109.20","109.47","110.87","108.56","398.62K","-0.31%"
"20.01.2022","109.54","110.37","110.92","109.10","315.16K","-0.69%"
"19.01.2022","110.30","112.40","112.40","108.70","439.67K","-1.96%"
"18.01.2022","112.50","113.45","113.56","111.58","488.71K","-0.84%"
"17.01.2022","113.45","112.02","114.00","112.02","49.44K","0.05%"
"14.01.2022","113.39","111.99","113.68","111.64","550.44K","1.27%"
"13.01.2022","111.97","112.01","113.50","111.49","553.39K","-0.97%"
"12.01.2022","113.07","111.48","113.77","111.20","942.56K","1.25%"
"11.01.2022","111.67","110.29","112.64","110.04","887.30K","1.68%"
"10.01.2022","109.82","110.29","111.89","109.38","701.90K","0.10%"
"07.01.2022","109.71","110.60","111.12","109.39","278.66K","-1.01%"
"06.01.2022","110.83","110.51","111.79","109.75","543.93K","-0.36%"
"05.01.2022","111.23","112.52","112.95","110.52","271.75K","-1.53%"
"04.01.2022","112.96","112.80","113.11","112.24","363.66K","0.90%"
"03.01.2022","111.95","112.73","112.99","111.09","81.77K","0.22%"
"31.12.2021","111.70","111.14","112.91","111.00","287.87K","0.14%"
"30.12.2021","111.54","111.20","112.45","110.75","572.60K","0.43%"
"29.12.2021","111.06","111.29","111.78","110.71","163.63K","-0.37%"
"28.12.2021","111.47","112.44","113.14","111.33","295.97K","-1.36%"
"27.12.2021","113.01","113.17","113.80","112.60","172.84K","-0.43%"
"24.12.2021","113.50","109.20","113.50","109.20","30.49K","0.83%"
"23.12.2021","112.57","111.76","112.65","111.13","361.32K","0.68%"
"22.12.2021","111.81","111.70","112.49","111.10","387.32K","0.04%"
"21.12.2021","111.77","110.82","113.28","110.75","424.59K","1.21%"
"20.12.2021","110.43","108.27","110.99","108.27","320.66K","0.66%"
"17.12.2021","109.71","105.57","110.03","105.05","3.74M","3.18%"
"16.12.2021","106.33","105.52","107.08","105.52","501.93K","0.79%"
"15.12.2021","105.50","108.09","108.52","104.78","505.85K","-2.81%"
"14.12.2021","108.55","107.66","108.74","106.74","713.15K","0.73%"
"13.12.2021","107.76","107.58","108.32","106.53","682.87K","-0.44%"
"10.12.2021","108.24","111.00","111.00","106.68","382.89K","0.32%"
"09.12.2021","107.90","108.00","108.53","107.19","525.99K","-0.11%"
"08.12.2021","108.02","106.85","108.20","106.80","635.80K","0.58%"
"07.12.2021","107.40","107.74","107.85","105.48","343.80K","0.08%"
"06.12.2021","107.31","107.21","108.26","106.15","563.59K","-0.07%"
"03.12.2021","107.38","108.05","110.16","107.19","880.93K","-0.72%"
"02.12.2021","108.16","106.69","108.70","106.20","1.25M","1.67%"
"01.12.2021","106.38","105.63","108.01","105.15","1.14M","1.02%"
"30.11.2021","105.31","103.20","106.09","101.11","5.94M","0.84%"
"29.11.2021","104.43","101.52","104.66","101.52","859.89K","3.22%"
"26.11.2021","101.17","103.50","105.89","100.02","833.57K","-2.41%"
"25.11.2021","103.67","107.00","108.00","102.52","228.27K","-2.21%"
"24.11.2021","106.01","107.79","109.30","105.22","477.56K","-1.10%"
"23.11.2021","107.19","106.93","108.07","106.88","589.75K","0.65%"
"22.11.2021","106.50","107.23","108.34","106.21","816.64K","0.02%"
"19.11.2021","106.48","106.71","106.99","105.68","703.74K","-0.39%"
"18.11.2021","106.90","106.81","107.02","104.96","238.06K","0.79%"
"17.11.2021","106.06","105.60","106.30","104.82","281.69K","-0.05%"
"16.11.2021","106.11","109.26","109.99","105.92","509.63K","-3.29%"
"12.11.2021","109.72","111.19","111.20","109.26","375.00K","-1.46%"
"11.11.2021","111.35","110.00","111.47","109.69","278.72K","0.01%"
"10.11.2021","111.34","109.46","111.50","109.42","328.58K","0.81%"
"09.11.2021","110.45","109.30","111.10","108.42","699.84K","0.96%"
"08.11.2021","109.40","111.22","111.22","108.62","301.75K","-1.61%"
"05.11.2021","111.19","112.50","112.50","110.28","258.85K","-1.29%"
"04.11.2021","112.64","111.89","113.01","111.34","316.94K","0.23%"
"03.11.2021","112.38","112.93","113.73","111.10","636.11K","-0.49%"
"01.11.2021","112.93","112.24","113.00","110.96","131.57K","1.78%"
"29.10.2021","110.95","110.01","111.66","109.34","457.15K","-1.10%"
"28.10.2021","112.18","112.80","113.17","109.07","370.78K","0.80%"
"27.10.2021","111.29","112.07","113.03","111.05","493.82K","-0.93%"
"26.10.2021","112.33","110.89","112.53","109.96","1.48M","2.14%"
"25.10.2021","109.98","109.47","110.51","109.09","608.29K","0.57%"
"22.10.2021","109.36","108.65","109.71","107.84","615.17K","0.40%"
"21.10.2021","108.92","109.66","110.00","108.17","1.15M","-0.70%"
"20.10.2021","109.69","110.75","112.78","109.00","667.86K","-1.32%"
"19.10.2021","111.16","112.50","112.84","110.69","531.68K","-1.69%"
"18.10.2021","113.07","115.50","115.50","112.85","381.45K","-1.66%"
"15.10.2021","114.98","114.59","115.33","113.96","326.58K","0.90%"
"14.10.2021","113.96","113.01","114.61","112.85","601.00K","0.85%"
"13.10.2021","113.00","114.12","114.15","112.50","321.31K","-0.89%"
"12.10.2021","114.02","114.24","114.90","113.70","428.07K","0.47%"
"11.10.2021","113.49","113.99","114.30","113.19","237.87K","1.10%"
"08.10.2021","112.25","112.59","113.99","111.80","236.04K","-0.36%"
"07.10.2021","112.65","114.00","115.48","112.13","362.02K","-0.89%"
"06.10.2021","113.66","113.95","114.61","111.79","500.15K","-0.71%"
"05.10.2021","114.47","112.99","114.72","112.54","206.49K","2.06%"
"04.10.2021","112.16","114.23","115.39","111.51","305.20K","-1.33%"
"01.10.2021","113.67","115.50","115.50","112.52","341.39K","-2.28%"
"30.09.2021","116.32","116.66","117.10","115.84","618.18K","-0.13%"
"29.09.2021","116.47","116.16","117.34","115.65","627.63K","0.47%"
"28.09.2021","115.93","116.60","116.60","114.90","479.57K","-0.31%"
"27.09.2021","116.29","116.10","116.60","115.90","392.65K","0.47%"
"24.09.2021","115.75","115.70","116.66","115.52","234.69K","0.21%"
"23.09.2021","115.51","115.80","116.00","115.12","188.63K","-0.06%"
"22.09.2021","115.58","114.69","116.00","114.60","568.44K","0.96%"
"21.09.2021","114.48","113.96","115.03","113.35","1.02M","0.61%"
"20.09.2021","113.79","112.93","114.00","111.69","543.82K","-0.17%"
"17.09.2021","113.98","116.19","116.19","113.63","3.19M","-1.24%"
"15.09.2021","115.41","115.10","116.35","114.38","352.56K","0.58%"
"14.09.2021","114.75","112.81","115.09","112.27","603.66K","1.54%"
"13.09.2021","113.01","113.59","113.86","112.20","227.05K","0.04%"
"10.09.2021","112.96","112.89","114.00","112.56","335.39K","0.09%"
"09.09.2021","112.86","113.23","113.23","112.10","279.64K","-0.22%"
"08.09.2021","113.11","113.55","114.32","112.31","561.57K","-0.42%"
"07.09.2021","113.59","114.31","114.74","113.42","353.80K","-1.00%"
"06.09.2021","114.74","113.59","115.00","112.92","24.78K","1.01%"
"03.09.2021","113.59","114.23","114.80","113.26","250.62K","-1.11%"
"02.09.2021","114.86","114.14","115.11","113.27","332.55K","0.64%"
"01.09.2021","114.13","116.05","116.12","113.86","545.80K","-1.84%"
"31.08.2021","116.27","115.90","116.53","115.03","2.35M","1.14%"
"30.08.2021","114.96","115.00","115.51","114.32","383.99K","0.17%"
"27.08.2021","114.77","116.30","116.30","113.90","575.25K","-0.97%"
"26.08.2021","115.90","115.61","116.40","115.25","1.01M","-0.57%"
"25.08.2021","116.56","117.40","117.40","115.47","616.63K","-0.14%"
"24.08.2021","116.72","116.92","117.83","116.07","524.44K","-0.53%"
"23.08.2021","117.34","117.13","118.40","117.11","352.85K","0.92%"
"20.08.2021","116.27","115.22","117.47","115.22","330.69K","1.05%"
"19.08.2021","115.06","115.96","116.53","114.00","454.96K","-1.30%"
"18.08.2021","116.57","116.80","117.85","115.84","311.64K","-0.24%"
"17.08.2021","116.85","116.60","117.81","115.40","670.52K","-0.20%"
"16.08.2021","117.08","116.79","117.55","115.85","129.56K","0.28%"
"13.08.2021","116.75","114.80","116.97","114.50","520.33K","1.82%"
"12.08.2021","114.66","113.71","114.79","112.62","249.72K","1.05%"
"11.08.2021","113.47","114.13","114.61","112.63","385.67K","-0.90%"
"10.08.2021","114.50","114.90","115.23","114.17","539.93K","-0.21%"
"09.08.2021","114.74","114.76","115.19","114.24","536.02K","0.14%"
"06.08.2021","114.58","112.67","115.22","112.67","520.19K","1.37%"
"05.08.2021","113.03","113.31","114.30","112.52","427.04K","-0.25%"
"04.08.2021","113.31","113.20","113.63","112.02","594.27K","-0.18%"
"03.08.2021","113.51","112.46","113.89","110.80","676.16K","0.75%"
"02.08.2021","112.67","112.70","113.89","112.00","313.59K","-0.16%"
"30.07.2021","112.85","112.93","113.39","112.13","1.18M","0.67%"
"29.07.2021","112.10","111.00","113.00","110.84","830.75K","1.40%"
"28.07.2021","110.55","109.54","111.14","108.84","306.22K","1.01%"
"27.07.2021","109.44","108.44","109.90","107.77","523.98K","1.90%"
"26.07.2021","107.40","105.11","108.63","104.59","546.63K","1.59%"
"23.07.2021","105.72","105.85","106.27","105.29","198.97K","-0.32%"
"22.07.2021","106.06","105.95","106.48","104.99","403.30K","-0.02%"
"21.07.2021","106.08","106.30","107.24","105.92","191.47K","0.82%"
"20.07.2021","105.22","106.20","106.90","104.82","186.19K","-0.23%"
"19.07.2021","105.46","105.33","106.20","104.19","921.13K","-0.59%"
"16.07.2021","106.09","106.19","106.58","104.75","428.85K","0.37%"
"15.07.2021","105.70","104.58","107.28","104.39","734.46K","1.50%"
"14.07.2021","104.14","104.39","104.40","103.52","389.50K","-0.24%"
"13.07.2021","104.39","105.20","105.99","104.05","431.23K","-0.56%"
"12.07.2021","104.98","104.33","105.15","103.84","283.04K","0.74%"
"09.07.2021","104.21","104.30","104.77","103.76","280.48K","-0.17%"
"08.07.2021","104.39","104.89","104.97","103.31","534.65K","-0.64%"
"07.07.2021","105.06","104.86","105.36","103.63","850.67K","-0.20%"
"06.07.2021","105.27","104.28","105.50","104.09","263.89K","0.96%"
"05.07.2021","104.27","104.01","104.95","103.60","45.14K","-0.66%"
"02.07.2021","104.96","105.43","105.43","104.61","187.43K","-0.81%"
"01.07.2021","105.82","105.54","106.37","104.54","679.53K","0.33%"
"30.06.2021","105.47","103.57","105.84","102.78","1.05M","1.92%"
"29.06.2021","103.48","102.38","103.60","101.92","479.91K","0.56%"
"28.06.2021","102.90","103.59","103.60","102.36","357.63K","-0.33%"
"25.06.2021","103.24","102.44","103.38","101.67","387.02K","0.20%"
"24.06.2021","103.03","103.46","103.46","102.15","242.50K","-0.45%"
"23.06.2021","103.50","104.92","104.92","103.25","303.21K","-1.20%"
"22.06.2021","104.76","105.88","106.37","104.55","444.95K","-0.90%"
"21.06.2021","105.71","105.59","106.50","105.44","584.02K","0.11%"
"18.06.2021","105.59","104.99","106.80","103.62","1.54M","0.21%"
"17.06.2021","105.37","105.88","109.00","105.15","1.28M","-0.29%"
"16.06.2021","105.68","104.00","106.00","103.47","1.09M","2.18%"
"15.06.2021","103.43","102.50","104.26","101.61","580.19K","1.31%"
"14.06.2021","102.09","102.20","102.68","101.82","494.05K","-0.03%"
"11.06.2021","102.12","101.50","102.30","101.26","476.17K","1.05%"
"10.06.2021","101.06","101.40","102.00","100.56","575.43K","0.08%"
"09.06.2021","100.98","100.08","101.35","99.15","1.62M","0.74%"
"08.06.2021","100.24","100.37","100.65","99.00","636.67K","-0.33%"
"07.06.2021","100.57","99.32","101.24","98.81","774.27K","1.54%"
"04.06.2021","99.04","98.00","99.27","98.00","318.04K","0.32%"
"03.06.2021","98.72","97.91","98.90","97.00","918.74K","0.95%"
"02.06.2021","97.79","99.90","100.30","96.99","1.90M","-1.50%"
"01.06.2021","99.28","99.50","99.90","98.31","762.05K","0.11%"
"31.05.2021","99.17","96.21","99.99","96.21","280.25K","1.72%"
"28.05.2021","97.49","96.42","97.63","95.62","971.60K","1.53%"
"27.05.2021","96.02","96.56","97.48","95.63","4.77M","-0.50%"
"26.05.2021","96.50","96.47","96.78","94.67","649.38K","0.52%"
"25.05.2021","96.00","97.29","97.50","95.77","631.75K","-1.25%"
"24.05.2021","97.22","98.28","98.28","97.00","415.49K","-0.88%"
"21.05.2021","98.08","98.39","98.83","97.23","405.59K","-0.11%"
"20.05.2021","98.19","98.89","98.89","97.40","1.31M","0.17%"
"19.05.2021","98.02","98.16","98.36","97.01","1.11M","-0.35%"
"18.05.2021","98.36","97.19","98.80","96.56","703.34K","1.71%"
"17.05.2021","96.71","97.36","97.52","96.21","612.80K","-0.42%"
"14.05.2021","97.12","96.15","97.40","95.90","775.60K","1.42%"
"13.05.2021","95.76","94.94","96.13","94.16","633.05K","1.38%"
"12.05.2021","94.46","97.00","97.00","94.21","632.30K","-2.21%"
"11.05.2021","96.59","96.99","96.99","95.62","536.94K","-0.20%"
"10.05.2021","96.78","93.88","96.98","93.88","766.96K","3.09%"
"07.05.2021","93.88","95.93","96.77","93.48","629.46K","-2.14%"
"06.05.2021","95.93","95.20","96.39","94.85","872.33K","1.43%"
"05.05.2021","94.58","95.50","95.50","94.16","537.84K","-0.34%"
"04.05.2021","94.90","95.48","95.58","94.31","721.26K","-0.12%"
"03.05.2021","95.01","95.06","96.01","94.51","709.44K","0.19%"
"30.04.2021","94.83","95.90","95.90","94.26","1.18M","-2.94%"
"29.04.2021","97.70","98.00","98.18","96.37","935.33K","0.99%"
"28.04.2021","96.74","96.81","97.50","96.24","1.01M","-0.24%"
"27.04.2021","96.97","98.40","99.50","96.37","1.17M","-1.14%"
"26.04.2021","98.09","98.94","100.00","97.82","899.60K","-0.79%"
"23.04.2021","98.87","98.56","99.68","97.60","852.93K","0.82%"
"22.04.2021","98.07","98.00","98.93","97.53","1.17M","0.37%"
"21.04.2021","97.71","95.89","97.85","95.26","1.02M","1.94%"
"20.04.2021","95.85","95.30","95.98","94.42","1.01M","0.88%"
"19.04.2021","95.01","94.21","95.52","94.01","767.78K","0.90%"
"16.04.2021","94.16","95.80","96.07","94.01","1.05M","-1.71%"
"15.04.2021","95.80","95.91","96.28","95.06","1.52M","-0.05%"
"14.04.2021","95.85","97.00","97.00","95.55","975.73K","-0.56%"
"13.04.2021","96.39","96.16","96.98","95.92","1.27M","0.06%"
"12.04.2021","96.33","96.47","96.80","96.11","808.40K","-0.60%"
"09.04.2021","96.91","96.39","97.11","95.20","1.01M","0.54%"
"08.04.2021","96.39","94.83","96.99","94.40","890.43K","2.00%"
"07.04.2021","94.50","93.50","95.00","93.50","1.46M","-0.12%"
"06.04.2021","94.61","94.29","94.96","93.70","952.36K","0.35%"
"05.04.2021","94.28","96.75","96.75","93.90","1.07M","-0.14%"
"31.03.2021","94.41","95.32","95.80","93.89","1.63M","-1.19%"
"30.03.2021","95.55","95.45","95.93","94.20","1.36M","0.07%"
"29.03.2021","95.48","95.80","96.24","94.62","1.46M","0.58%"
"26.03.2021","94.93","97.02","97.02","94.72","681.30K","-1.33%"
"25.03.2021","96.21","96.64","96.91","95.74","808.91K","-0.90%"
"24.03.2021","97.08","97.53","97.53","96.51","739.91K","-0.34%"
"23.03.2021","97.41","97.37","98.22","97.12","805.49K","0.30%"
"22.03.2021","97.12","96.12","97.85","95.93","573.90K","1.20%"
"19.03.2021","95.97","98.10","99.01","94.90","8.96M","-2.61%"
"18.03.2021","98.54","100.17","100.50","98.09","1.71M","-1.14%"
"17.03.2021","99.68","99.99","101.12","99.25","1.07M","-0.02%"
"16.03.2021","99.70","97.81","100.17","97.81","1.38M","1.24%"
"12.03.2021","98.48","99.33","100.35","98.23","988.12K","-0.24%"
"11.03.2021","98.72","98.52","99.87","97.90","1.10M","0.08%"
"10.03.2021","98.64","99.70","100.30","98.05","918.40K","-1.36%"
"09.03.2021","100.00","100.68","100.79","98.68","691.45K","-0.94%"
"08.03.2021","100.95","98.48","101.88","98.27","890.61K","2.34%"
"05.03.2021","98.64","96.85","99.99","96.76","820.48K","2.56%"
"04.03.2021","96.18","93.29","97.02","92.07","1.30M","3.45%"
"03.03.2021","92.97","91.50","93.17","90.94","885.72K","2.18%"
"02.03.2021","90.99","88.88","91.45","88.88","713.52K","2.21%"
"01.03.2021","89.02","88.00","89.56","87.58","1.59M","1.40%"
"26.02.2021","87.79","88.66","90.22","86.71","2.56M","-1.32%"
"25.02.2021","88.96","91.86","92.51","88.52","971.80K","-1.63%"
"24.02.2021","90.43","90.43","91.35","89.50","434.37K","0.52%"
"23.02.2021","89.96","91.03","91.96","89.70","654.31K","-1.80%"
"22.02.2021","91.61","92.82","93.99","91.17","1.01M","-0.91%"
"19.02.2021","92.45","93.32","94.45","92.27","980.69K","-0.71%"
"18.02.2021","93.11","91.84","94.40","90.85","891.85K","1.42%"
"17.02.2021","91.81","91.00","92.39","90.99","1.05M","0.80%"
"16.02.2021","91.08","89.20","91.60","89.20","345.34K","3.43%"
"15.02.2021","88.06","89.84","90.00","88.01","20.84K","-1.62%"
"12.02.2021","89.51","88.95","90.06","88.56","199.98K","1.15%"
"11.02.2021","88.49","89.74","90.56","87.91","491.96K","-1.78%"
"10.02.2021","90.09","90.95","91.50","88.31","649.55K","-0.27%"
"09.02.2021","90.33","89.79","90.93","89.61","504.28K","1.10%"
"08.02.2021","89.35","90.48","90.57","88.60","512.88K","-1.05%"
"05.02.2021","90.30","89.57","90.78","89.47","341.62K","1.14%"
"04.02.2021","89.28","90.25","90.76","89.15","1.28M","-1.07%"
"03.02.2021","90.25","90.94","91.54","89.60","817.20K","-0.47%"
"02.02.2021","90.68","89.21","91.40","89.21","697.09K","1.98%"
"29.01.2021","88.92","90.64","90.64","87.68","1.30M","-1.90%"
"28.01.2021","90.64","90.20","90.99","90.12","966.94K","0.34%"
"27.01.2021","90.33","91.61","93.67","90.00","1.03M","-3.11%"
"26.01.2021","93.23","91.87","93.70","90.76","807.87K","1.57%"
"25.01.2021","91.79","93.55","93.70","91.29","908.19K","-0.71%"
"22.01.2021","92.45","91.64","92.54","90.56","744.15K","1.05%"
"21.01.2021","91.49","91.95","93.45","90.98","1.16M","0.33%"
"20.01.2021","91.19","92.20","92.24","90.05","1.20M","-1.03%"
"19.01.2021","92.14","92.49","92.80","90.00","824.46K","0.40%"
"18.01.2021","91.77","92.73","93.47","90.15","299.63K","-1.00%"
"15.01.2021","92.70","93.50","94.20","92.21","489.94K","-0.43%"
"14.01.2021","93.10","92.20","94.47","91.53","591.02K","0.33%"
"13.01.2021","92.79","92.49","93.39","91.70","382.71K","0.18%"
"12.01.2021","92.62","93.06","94.04","92.20","614.96K","-0.40%"
"11.01.2021","92.99","94.00","94.20","92.50","474.63K","-0.80%"
"08.01.2021","93.74","93.93","94.64","92.71","643.40K","0.27%"
"07.01.2021","93.49","93.77","94.04","93.07","658.11K","1.56%"
"06.01.2021","92.05","92.87","94.65","91.76","653.92K","0.17%"
"05.01.2021","91.89","91.20","92.67","90.63","571.92K","0.93%"
"04.01.2021","91.04","92.24","93.32","90.57","452.02K","-0.51%"
"31.12.2020","91.51","92.38","92.50","91.00","254.69K","-1.46%"
"30.12.2020","92.87","93.25","94.29","91.95","218.47K","-0.08%"
"29.12.2020","92.94","91.56","93.52","91.25","305.44K","1.05%"
"28.12.2020","91.97","90.41","92.12","90.11","117.96K","2.29%"
"24.12.2020","89.91","89.91","90.74","89.69","94.01K","-0.63%"
"23.12.2020","90.48","90.12","90.65","89.55","220.25K","1.08%"
"22.12.2020","89.51","90.16","90.50","89.29","405.85K","-1.08%"
"21.12.2020","90.49","91.10","92.21","90.01","463.96K","-1.80%"
"18.12.2020","92.15","92.13","92.72","90.83","3.25M","0.14%"
"17.12.2020","92.02","90.68","92.54","90.68","853.98K","1.28%"
"16.12.2020","90.86","91.21","91.21","90.16","385.11K","-0.18%"
"15.12.2020","91.02","93.00","93.14","90.77","307.76K","-0.97%"
"14.12.2020","91.91","91.50","92.42","91.25","617.96K","-0.25%"
"11.12.2020","92.14","92.60","92.79","91.11","671.98K","-0.27%"
"10.12.2020","92.39","91.53","92.77","91.37","1.06M","1.65%"
"09.12.2020","90.89","90.88","91.60","90.48","532.65K","-0.07%"
"08.12.2020","90.95","91.99","92.27","90.35","827.57K","-1.00%"
"07.12.2020","91.87","93.03","93.04","90.95","534.73K","-1.13%"
"04.12.2020","92.92","93.30","94.10","92.09","888.19K","0.66%"
"03.12.2020","92.31","93.70","93.70","91.81","873.19K","-1.67%"
"02.12.2020","93.88","91.84","94.00","91.25","907.40K","2.22%"
"01.12.2020","91.84","91.29","92.72","90.57","1.21M","0.86%"
"30.11.2020","91.06","88.13","91.88","88.13","4.78M","3.20%"
"27.11.2020","88.24","92.00","92.20","87.76","330.83K","-3.87%"
"26.11.2020","91.79","91.69","92.00","90.34","631.84K","0.00%"
"25.11.2020","91.79","92.00","92.01","90.77","932.45K","0.07%"
"24.11.2020","91.73","91.65","92.28","90.75","807.20K","0.63%"
"23.11.2020","91.16","92.38","92.38","90.91","646.88K","-1.26%"
"20.11.2020","92.32","92.30","92.67","91.49","954.81K","0.10%"
"19.11.2020","92.23","91.95","92.47","91.31","1.75M","0.11%"
"18.11.2020","92.13","92.64","92.64","91.61","1.16M","-0.07%"
"17.11.2020","92.19","91.90","92.48","91.51","2.39M","0.32%"
"13.11.2020","91.90","90.36","92.00","89.70","374.56K","2.05%"
"12.11.2020","90.05","91.99","91.99","89.44","388.97K","-2.06%"
"11.11.2020","91.94","88.98","92.00","88.98","1.08M","4.19%"
"10.11.2020","88.24","86.86","89.65","86.86","1.22M","1.54%"
"09.11.2020","86.90","87.21","89.50","86.12","764.49K","1.29%"
"06.11.2020","85.79","86.00","87.06","84.48","884.43K","-0.10%"
"05.11.2020","85.88","83.90","86.11","83.19","682.54K","3.37%"
"04.11.2020","83.08","81.86","83.98","81.76","437.04K","1.19%"
"03.11.2020","82.10","80.30","82.64","80.22","673.09K","2.22%"
"30.10.2020","80.32","77.34","80.73","77.00","1.23M","3.91%"
"29.10.2020","77.30","81.78","82.00","77.17","530.54K","-6.67%"
"28.10.2020","82.82","84.89","85.25","82.08","504.72K","-3.04%"
"27.10.2020","85.42","86.35","86.78","84.96","430.49K","-1.01%"
"26.10.2020","86.29","89.70","89.70","85.81","256.63K","-1.13%"
"23.10.2020","87.28","87.91","88.26","86.71","445.25K","-0.50%"
"22.10.2020","87.72","88.46","89.01","87.16","779.06K","-0.31%"
"21.10.2020","87.99","87.56","89.10","87.23","475.41K","1.09%"
"20.10.2020","87.04","86.68","87.78","85.10","516.40K","1.27%"
"19.10.2020","85.95","87.23","87.43","85.10","610.22K","-0.78%"
"16.10.2020","86.63","86.80","87.86","86.00","632.33K","-0.38%"
"15.10.2020","86.96","88.60","89.23","86.78","1.07M","-1.60%"
"14.10.2020","88.37","89.49","90.00","87.37","614.09K","-0.54%"
"13.10.2020","88.85","90.09","90.53","88.71","339.58K","-2.06%"
"12.10.2020","90.72","92.12","92.12","90.00","632.18K","-0.24%"
"09.10.2020","90.94","91.00","92.40","89.50","718.73K","0.40%"
"08.10.2020","90.58","90.60","90.98","89.85","1.06M","0.35%"
"07.10.2020","90.26","89.53","90.50","89.31","632.72K","0.78%"
"06.10.2020","89.56","89.54","90.49","88.77","419.04K","-0.19%"
"05.10.2020","89.73","89.50","90.24","89.01","559.52K","0.39%"
"02.10.2020","89.38","88.12","90.08","87.51","161.75K","1.34%"
"01.10.2020","88.20","90.01","90.65","87.98","332.78K","-2.21%"
"30.09.2020","90.19","89.32","91.00","88.69","1.03M","1.37%"
"29.09.2020","88.97","90.89","90.89","88.26","340.01K","-1.68%"
"28.09.2020","90.49","90.99","92.43","89.05","550.28K","0.18%"
"25.09.2020","90.33","89.14","91.00","88.63","785.70K","1.64%"
"24.09.2020","88.87","91.12","91.12","87.86","580.28K","-2.42%"
"23.09.2020","91.07","90.50","91.42","89.40","737.58K","1.45%"
"22.09.2020","89.77","89.24","90.70","88.80","582.56K","0.64%"
"21.09.2020","89.20","88.49","90.72","88.23","408.45K","1.07%"
"18.09.2020","88.26","87.00","88.64","86.36","2.19M","2.16%"
"17.09.2020","86.39","86.25","86.93","85.02","695.64K","0.15%"
"15.09.2020","86.26","86.82","86.82","85.90","263.65K","-0.43%"
"14.09.2020","86.63","86.90","86.90","85.47","537.99K","0.37%"
"11.09.2020","86.31","86.69","86.78","84.71","379.95K","-0.06%"
"10.09.2020","86.36","86.23","86.94","84.89","1.35M","0.01%"
"09.09.2020","86.35","86.65","87.85","86.21","357.19K","0.05%"
"08.09.2020","86.31","87.00","88.94","84.94","801.53K","-2.90%"
"07.09.2020","88.89","91.47","91.47","87.00","16.20K","0.43%"
"04.09.2020","88.51","89.25","89.85","87.26","610.77K","-1.26%"
"03.09.2020","89.64","91.00","92.24","88.65","595.09K","-2.13%"
"02.09.2020","91.59","93.80","93.80","90.45","840.55K","-1.42%"
"01.09.2020","92.91","91.69","93.35","90.46","635.99K","1.21%"
"31.08.2020","91.80","94.87","94.98","90.91","3.16M","-3.25%"
"28.08.2020","94.88","94.11","95.50","93.86","200.38K","-0.72%"
"27.08.2020","95.57","94.30","96.78","94.10","437.03K","1.40%"
"26.08.2020","94.25","95.54","95.65","93.39","471.47K","-1.59%"
"25.08.2020","95.77","95.77","96.79","91.90","609.85K","-0.04%"
"24.08.2020","95.81","94.54","95.99","94.47","401.40K","1.19%"
"21.08.2020","94.68","95.67","95.67","94.33","215.94K","-1.45%"
"20.08.2020","96.07","96.12","96.60","92.85","474.11K","-0.05%"
"19.08.2020","96.12","96.86","96.86","94.93","1.22M","-1.60%"
"18.08.2020","97.68","98.32","98.32","96.74","913.27K","-0.41%"
"17.08.2020","98.08","95.24","98.55","94.85","656.98K","2.69%"
"14.08.2020","95.51","95.15","96.91","95.12","1.29M","0.29%"
"13.08.2020","95.23","96.30","97.57","94.59","562.45K","-0.88%"
"12.08.2020","96.08","96.00","97.28","95.49","371.62K","0.54%"
"11.08.2020","95.56","94.66","96.00","94.37","298.64K","1.55%"
"10.08.2020","94.10","94.26","95.45","93.37","158.81K","0.32%"
"07.08.2020","93.80","94.30","94.30","92.94","182.98K","0.35%"
"06.08.2020","93.47","94.40","94.76","92.68","254.50K","-0.74%"
"05.08.2020","94.17","91.79","95.39","91.79","1.12M","2.04%"
"04.08.2020","92.29","91.99","94.00","91.39","1.42M","1.07%"
"03.08.2020","91.31","93.04","93.38","90.91","523.84K","-0.66%"
"31.07.2020","91.92","92.66","92.66","90.24","833.88K","-0.62%"
"30.07.2020","92.49","92.84","92.93","91.61","201.36K","-0.60%"
"29.07.2020","93.05","93.27","93.52","91.85","726.59K","-0.36%"
"28.07.2020","93.39","92.47","93.59","92.46","637.60K","0.58%"
"27.07.2020","92.85","92.62","93.00","91.03","378.25K","-0.12%"
"24.07.2020","92.96","92.80","93.60","91.10","445.24K","0.44%"
"23.07.2020","92.55","94.76","95.30","90.10","529.65K","-1.93%"
"22.07.2020","94.37","92.86","94.99","92.35","392.73K","1.65%"
"21.07.2020","92.84","91.38","93.65","90.80","520.67K","2.01%"
"20.07.2020","91.01","93.03","93.03","89.92","746.15K","-2.15%"
"17.07.2020","93.01","92.80","93.71","91.35","530.01K","0.73%"
"16.07.2020","92.34","93.06","93.06","91.86","775.68K","-0.53%"
"15.07.2020","92.83","92.96","93.50","92.50","1.10M","-0.40%"
"14.07.2020","93.20","96.40","96.70","92.68","637.37K","-2.85%"
"13.07.2020","95.93","97.75","98.07","94.99","607.01K","-1.55%"
"10.07.2020","97.44","96.30","97.77","95.58","384.50K","1.68%"
"09.07.2020","95.83","97.36","98.31","95.42","674.83K","-1.87%"
"08.07.2020","97.66","101.69","101.69","96.97","600.55K","-2.63%"
"07.07.2020","100.30","99.56","100.50","98.78","655.65K","0.16%"
"06.07.2020","100.14","97.91","100.95","97.61","500.24K","2.66%"
"03.07.2020","97.55","99.04","99.04","97.52","46.69K","-1.47%"
"02.07.2020","99.01","101.00","101.71","98.42","1.11M","-1.24%"
"01.07.2020","100.25","99.78","101.00","99.35","517.82K","-0.37%"
"30.06.2020","100.62","99.92","101.34","99.53","664.50K","-0.29%"
"29.06.2020","100.91","100.55","102.09","99.67","398.05K","1.25%"
"26.06.2020","99.66","102.23","102.40","98.98","564.97K","-1.76%"
"25.06.2020","101.45","102.18","102.18","100.10","392.06K","-0.59%"
"24.06.2020","102.05","103.90","103.90","101.14","302.51K","-2.51%"
"23.06.2020","104.68","105.56","106.60","104.08","386.35K","0.46%"
"22.06.2020","104.20","104.34","104.67","103.54","399.88K","-1.97%"
"19.06.2020","106.29","104.12","106.81","104.12","2.64M","2.01%"
"18.06.2020","104.20","99.75","104.39","99.75","664.20K","4.09%"
"17.06.2020","100.11","100.56","101.16","99.54","594.02K","-0.45%"
"16.06.2020","100.56","97.92","101.50","97.92","757.97K","3.45%"
"15.06.2020","97.21","98.89","98.96","96.42","560.28K","-1.53%"
"12.06.2020","98.72","97.04","99.67","97.04","439.16K","2.98%"
"11.06.2020","95.86","97.72","99.64","95.51","555.39K","-2.20%"
"10.06.2020","98.02","100.60","101.90","97.92","921.93K","-3.48%"
"09.06.2020","101.55","103.62","105.66","100.32","616.52K","-2.00%"
"08.06.2020","103.62","97.04","103.99","97.04","1.38M","3.59%"
"05.06.2020","100.03","98.39","100.84","98.39","1.02M","3.17%"
"04.06.2020","96.96","98.58","98.83","96.13","863.14K","-1.51%"
"03.06.2020","98.45","98.00","98.81","96.86","724.43K","1.45%"
"02.06.2020","97.04","96.11","98.37","95.70","778.69K","1.77%"
"01.06.2020","95.35","96.79","97.15","94.75","789.97K","-1.49%"
"29.05.2020","96.79","94.32","98.56","91.50","3.13M","2.87%"
"28.05.2020","94.09","96.30","96.30","92.70","1.22M","-2.12%"
"27.05.2020","96.13","93.31","96.71","92.88","1.21M","3.42%"
"26.05.2020","92.95","92.39","93.40","91.27","442.53K","1.45%"
"25.05.2020","91.62","92.19","93.55","91.27","48.00K","0.14%"
"22.05.2020","91.49","91.50","93.15","91.27","232.71K","-0.83%"
"21.05.2020","92.26","92.12","92.49","91.21","806.71K","-0.55%"
"20.05.2020","92.77","92.51","93.17","91.51","486.06K","-0.05%"
"19.05.2020","92.82","95.61","95.61","92.10","329.52K","-3.40%"
"18.05.2020","96.09","92.49","97.49","92.49","475.63K","3.01%"
"15.05.2020","93.28","92.22","95.42","92.22","195.61K","1.63%"
"14.05.2020","91.78","93.18","94.72","91.34","556.36K","-1.92%"
"13.05.2020","93.58","97.98","97.98","93.27","1.35M","-4.38%"
"12.05.2020","97.87","96.82","98.30","96.39","519.65K","1.30%"
"11.05.2020","96.61","96.28","97.56","94.67","378.67K","1.09%"
"08.05.2020","95.57","93.18","95.99","93.00","618.12K","3.07%"
"07.05.2020","92.72","95.10","95.40","92.21","4.70M","-2.01%"
"06.05.2020","94.62","95.73","96.14","94.01","1.36M","-0.67%"
"05.05.2020","95.26","95.00","96.14","94.93","478.86K","0.29%"
"04.05.2020","94.98","97.10","97.10","93.89","626.12K","-2.18%"
"30.04.2020","97.10","101.49","101.50","94.72","1.45M","-2.41%"
"29.04.2020","99.50","100.10","101.61","98.01","486.43K","0.03%"
"28.04.2020","99.47","98.04","100.98","98.04","2.19M","1.57%"
"27.04.2020","97.93","97.40","98.48","96.70","961.02K","0.50%"
"24.04.2020","97.44","98.04","99.45","96.21","1.37M","-0.35%"
"23.04.2020","97.78","99.51","100.78","97.00","689.87K","-1.40%"
"22.04.2020","99.17","98.33","99.73","96.57","1.05M","1.56%"
"21.04.2020","97.65","99.54","99.61","96.79","296.19K","-1.01%"
"20.04.2020","98.65","99.82","100.06","97.76","585.77K","-0.93%"
"17.04.2020","99.58","102.44","103.30","98.93","471.23K","-1.07%"
"16.04.2020","100.66","101.73","101.86","99.03","866.32K","-0.81%"
"15.04.2020","101.48","102.34","103.03","100.58","1.82M","-0.69%"
"14.04.2020","102.19","102.59","103.33","100.10","615.55K","0.86%"
"13.04.2020","101.32","100.87","102.43","99.30","645.21K","0.45%"
"08.04.2020","100.87","100.33","101.23","98.79","623.31K","1.05%"
"07.04.2020","99.82","99.38","101.40","98.01","1.13M","0.34%"
"06.04.2020","99.48","96.50","102.19","96.50","653.16K","4.84%"
"03.04.2020","94.89","96.67","96.67","93.01","1.11M","-0.95%"
"02.04.2020","95.80","93.10","96.57","92.15","580.99K","3.56%"
"01.04.2020","92.51","95.34","95.34","92.00","1.42M","-3.28%"
"31.03.2020","95.65","95.53","97.83","93.94","1.63M","0.60%"
"30.03.2020","95.08","92.50","95.75","92.50","525.12K","4.99%"
"27.03.2020","90.56","94.48","96.32","89.56","1.54M","-6.21%"
"26.03.2020","96.56","97.51","100.09","96.13","789.11K","-1.58%"
"25.03.2020","98.11","95.12","102.05","94.36","531.25K","1.53%"
"24.03.2020","96.63","96.60","101.90","94.92","929.84K","0.03%"
"23.03.2020","96.60","101.11","101.11","95.32","822.39K","-3.56%"
"20.03.2020","100.17","105.43","106.21","98.98","4.64M","-3.98%"
"19.03.2020","104.32","103.49","106.99","101.74","915.93K","1.30%"
"18.03.2020","102.98","105.42","107.70","101.42","738.06K","-4.58%"
"17.03.2020","107.92","103.00","110.12","98.02","1.89M","5.01%"
"13.03.2020","102.77","101.92","104.78","97.08","1.19M","5.45%"
"12.03.2020","97.46","101.72","101.72","89.44","990.12K","-3.96%"
"11.03.2020","101.48","100.84","102.30","100.40","876.68K","-0.12%"
"10.03.2020","101.60","104.78","104.78","100.63","766.41K","-0.85%"
"09.03.2020","102.47","103.70","107.18","99.72","1.68M","-5.51%"
"06.03.2020","108.45","109.00","109.62","108.11","636.15K","-0.42%"
"05.03.2020","108.91","110.60","110.60","108.29","757.63K","-1.11%"
"04.03.2020","110.13","110.66","110.66","108.45","634.63K","1.81%"
"03.03.2020","108.17","109.86","112.00","107.00","1.53M","-1.29%"
"02.03.2020","109.58","108.94","112.40","108.94","1.89M","0.55%"
"28.02.2020","108.98","110.73","112.01","107.82","2.94M","-3.28%"
"27.02.2020","112.67","116.99","116.99","112.21","823.46K","-3.17%"
"26.02.2020","116.36","117.96","117.96","115.82","1.08M","-0.80%"
"25.02.2020","117.30","118.46","118.91","116.99","628.59K","-0.74%"
"24.02.2020","118.17","120.74","120.74","117.39","657.80K","-2.35%"
"21.02.2020","121.02","117.90","121.53","117.35","773.69K","3.14%"
"20.02.2020","117.34","120.03","120.03","117.19","547.33K","-1.62%"
"19.02.2020","119.27","120.00","120.55","119.15","622.55K","-0.20%"
"18.02.2020","119.51","119.53","120.50","119.37","1.33M","0.91%"
"17.02.2020","118.43","119.50","119.50","118.41","71.64K","-1.02%"
"14.02.2020","119.65","119.50","119.80","118.80","255.20K","0.44%"
"13.02.2020","119.13","119.89","119.98","118.15","813.21K","-0.69%"
"12.02.2020","119.96","120.50","122.00","119.69","1.77M","-0.81%"
"11.02.2020","120.94","120.15","121.66","119.89","415.61K","0.64%"
"10.02.2020","120.17","120.38","121.03","120.00","2.28M","-0.09%"
"07.02.2020","120.28","119.15","120.85","118.30","343.56K","1.05%"
"06.02.2020","119.03","118.09","119.91","118.06","553.90K","0.86%"
"05.02.2020","118.02","117.77","119.13","117.77","734.77K","0.47%"
"04.02.2020","117.47","115.22","118.18","115.22","675.23K","2.20%"
"31.01.2020","114.94","115.89","116.25","114.08","866.69K","-0.73%"
"30.01.2020","115.78","115.76","116.09","114.51","684.41K","0.02%"
"29.01.2020","115.76","115.93","116.39","113.98","664.17K","0.14%"
"28.01.2020","115.60","115.43","115.79","114.76","731.51K","0.44%"
"27.01.2020","115.09","117.17","117.27","114.81","290.92K","-2.60%"
"24.01.2020","118.16","118.21","119.15","117.78","263.94K","0.34%"
"23.01.2020","117.76","118.78","120.00","117.40","1.92M","-1.53%"
"22.01.2020","119.59","116.28","119.92","116.28","793.75K","2.86%"
"21.01.2020","116.27","115.66","117.44","115.62","447.36K","-0.38%"
"20.01.2020","116.71","115.44","117.04","115.12","69.51K","0.63%"
"17.01.2020","115.98","115.20","116.20","114.72","1.32M","0.96%"
"16.01.2020","114.88","113.92","115.51","113.86","741.83K","1.11%"
"15.01.2020","113.62","114.01","114.72","113.36","501.01K","-0.56%"
"14.01.2020","114.26","113.90","114.34","113.17","742.56K","0.17%"
"13.01.2020","114.07","113.69","114.49","113.69","535.68K","0.27%"
"10.01.2020","113.76","114.10","114.68","113.60","627.67K","-0.41%"
"09.01.2020","114.23","115.14","115.29","113.66","847.86K","-0.51%"
"08.01.2020","114.81","116.07","116.11","114.10","731.78K","-0.46%"
"07.01.2020","115.34","116.45","116.80","115.02","880.66K","-0.49%"
"06.01.2020","115.91","116.03","116.12","114.77","297.89K","-0.46%"
"03.01.2020","116.45","115.60","116.62","114.77","540.91K","0.81%"
"02.01.2020","115.51","115.50","116.05","114.77","236.14K","0.55%"